scenario_name,run_id,strategy,slots,average_weighted_aoi,peak_weighted_aoi,avg_aoi_0,peak_aoi_0,weight_0,avg_aoi_1,peak_aoi_1,weight_1,avg_aoi_2,peak_aoi_2,weight_2,system_peak_aoi,high_weight_threshold,high_weight_avg_aoi,avg_aoi_3,peak_aoi_3,weight_3,avg_aoi_4,peak_aoi_4,weight_4,avg_aoi_5,peak_aoi_5,weight_5,avg_aoi_6,peak_aoi_6,weight_6,avg_aoi_7,peak_aoi_7,weight_7
N3_demo_final,0,whittle,5000,18.9106,79.0,3.7062,19.0,1.0,3.0224,17.0,2.0,3.0532,16.0,3.0,19.0,2.0,3.0378,,,,,,,,,,,,,,,
N3_demo_final,0,round_robin,5000,23.6958,154.0,2.5578,12.0,1.0,3.4188,24.0,2.0,4.7668,42.0,3.0,42.0,2.0,4.0928,,,,,,,,,,,,,,,
N3_demo_final,0,periodic,5000,23.7978,115.0,4.716,30.0,1.0,3.8742,23.0,2.0,3.7778,36.0,3.0,36.0,2.0,3.826,,,,,,,,,,,,,,,
N3_demo_final,0,greedy,5000,19.5842,72.0,5.009,23.0,1.0,3.3012,19.0,2.0,2.6576,12.0,3.0,23.0,2.0,2.9794,,,,,,,,,,,,,,,
N3_demo_final,0,random,5000,30.2398,179.0,3.6634,21.0,1.0,4.1904,27.0,2.0,6.0652,54.0,3.0,54.0,2.0,5.127800000000001,,,,,,,,,,,,,,,
N3_demo_final,1,whittle,5000,18.058,68.0,3.5544,15.0,1.0,2.8832,15.0,2.0,2.9124,12.0,3.0,15.0,2.0,2.8978,,,,,,,,,,,,,,,
N3_demo_final,1,round_robin,5000,22.6362,91.0,2.511,15.0,1.0,3.2094,21.0,2.0,4.5688,27.0,3.0,27.0,2.0,3.8891,,,,,,,,,,,,,,,
N3_demo_final,1,periodic,5000,22.2242,92.0,4.5072,24.0,1.0,3.6496,25.0,2.0,3.4726,18.0,3.0,25.0,2.0,3.5610999999999997,,,,,,,,,,,,,,,
N3_demo_final,1,greedy,5000,18.8842,65.0,4.8396,17.0,1.0,3.1802,15.0,2.0,2.5614,12.0,3.0,17.0,2.0,2.8708,,,,,,,,,,,,,,,
N3_demo_final,1,random,5000,29.0094,155.0,3.7608,36.0,1.0,4.4106,32.0,2.0,5.4758,48.0,3.0,48.0,2.0,4.943199999999999,,,,,,,,,,,,,,,
N3_demo_final,2,whittle,5000,18.3202,73.0,3.5878,14.0,1.0,2.9226,13.0,2.0,2.9624,13.0,3.0,14.0,2.0,2.9425,,,,,,,,,,,,,,,
N3_demo_final,2,round_robin,5000,23.379,103.0,2.4588,12.0,1.0,3.3666,21.0,2.0,4.729,33.0,3.0,33.0,2.0,4.0478000000000005,,,,,,,,,,,,,,,
N3_demo_final,2,periodic,5000,22.3522,83.0,4.4352,24.0,1.0,3.6968,18.0,2.0,3.5078,24.0,3.0,24.0,2.0,3.6023,,,,,,,,,,,,,,,
N3_demo_final,2,greedy,5000,19.083,74.0,4.891,24.0,1.0,3.2284,14.0,2.0,2.5784,12.0,3.0,24.0,2.0,2.9034,,,,,,,,,,,,,,,
N3_demo_final,2,random,5000,28.8318,135.0,3.4178,20.0,1.0,4.2578,27.0,2.0,5.6328,38.0,3.0,38.0,2.0,4.9453,,,,,,,,,,,,,,,
N3_demo_final,3,whittle,5000,18.0458,62.0,3.56,14.0,1.0,2.8788,11.0,2.0,2.9094,11.0,3.0,14.0,2.0,2.8941,,,,,,,,,,,,,,,
N3_demo_final,3,round_robin,5000,23.2068,79.0,2.4786,15.0,1.0,3.2922,18.0,2.0,4.7146,21.0,3.0,21.0,2.0,4.0034,,,,,,,,,,,,,,,
N3_demo_final,3,periodic,5000,22.0558,83.0,4.3416,18.0,1.0,3.749,23.0,2.0,3.4054,24.0,3.0,24.0,2.0,3.5772000000000004,,,,,,,,,,,,,,,
N3_demo_final,3,greedy,5000,18.7926,62.0,4.8356,16.0,1.0,3.1892,13.0,2.0,2.5262,11.0,3.0,16.0,2.0,2.8577,,,,,,,,,,,,,,,
N3_demo_final,3,random,5000,28.8212,120.0,3.3574,28.0,1.0,4.2938,29.0,2.0,5.6254,37.0,3.0,37.0,2.0,4.9596,,,,,,,,,,,,,,,
N3_demo_final,4,whittle,5000,18.4258,65.0,3.6052,14.0,1.0,2.9352,12.0,2.0,2.9834,12.0,3.0,14.0,2.0,2.9593,,,,,,,,,,,,,,,
N3_demo_final,4,round_robin,5000,23.2626,103.0,2.514,12.0,1.0,3.4104,24.0,2.0,4.6426,27.0,3.0,27.0,2.0,4.0265,,,,,,,,,,,,,,,
N3_demo_final,4,periodic,5000,22.641,79.0,4.5792,24.0,1.0,3.7506,24.0,2.0,3.5202,22.0,3.0,24.0,2.0,3.6353999999999997,,,,,,,,,,,,,,,
N3_demo_final,4,greedy,5000,19.3942,70.0,5.0394,20.0,1.0,3.275,15.0,2.0,2.6016,12.0,3.0,20.0,2.0,2.9383,,,,,,,,,,,,,,,
N3_demo_final,4,random,5000,28.7252,110.0,3.4978,26.0,1.0,4.3442,28.0,2.0,5.513,33.0,3.0,33.0,2.0,4.928599999999999,,,,,,,,,,,,,,,
N3_demo_final,5,whittle,5000,18.6824,84.0,3.6842,15.0,1.0,2.9808,17.0,2.0,3.0122,14.0,3.0,17.0,2.0,2.9965,,,,,,,,,,,,,,,
N3_demo_final,5,round_robin,5000,24.8142,124.0,2.4696,12.0,1.0,3.582,27.0,2.0,5.0602,39.0,3.0,39.0,2.0,4.3210999999999995,,,,,,,,,,,,,,,
N3_demo_final,5,periodic,5000,22.969,85.0,4.524,24.0,1.0,3.8084,19.0,2.0,3.6094,24.0,3.0,24.0,2.0,3.7089,,,,,,,,,,,,,,,
N3_demo_final,5,greedy,5000,19.5352,83.0,5.0428,19.0,1.0,3.2724,15.0,2.0,2.6492,15.0,3.0,19.0,2.0,2.9608,,,,,,,,,,,,,,,
N3_demo_final,5,random,5000,30.5726,146.0,3.5004,21.0,1.0,4.3648,27.0,2.0,6.1142,43.0,3.0,43.0,2.0,5.2395,,,,,,,,,,,,,,,
N3_demo_final,6,whittle,5000,18.5864,83.0,3.6378,19.0,1.0,2.9572,15.0,2.0,3.0114,14.0,3.0,19.0,2.0,2.9843,,,,,,,,,,,,,,,
N3_demo_final,6,round_robin,5000,23.3892,91.0,2.5632,15.0,1.0,3.279,21.0,2.0,4.756,27.0,3.0,27.0,2.0,4.0175,,,,,,,,,,,,,,,
N3_demo_final,6,periodic,5000,22.7118,85.0,4.6224,30.0,1.0,3.7308,19.0,2.0,3.5426,24.0,3.0,30.0,2.0,3.6367000000000003,,,,,,,,,,,,,,,
N3_demo_final,6,greedy,5000,19.4646,91.0,5.0282,19.0,1.0,3.2666,18.0,2.0,2.6344,15.0,3.0,19.0,2.0,2.9505,,,,,,,,,,,,,,,
N3_demo_final,6,random,5000,27.9334,113.0,3.3994,24.0,1.0,4.236,26.0,2.0,5.354,32.0,3.0,32.0,2.0,4.795,,,,,,,,,,,,,,,
N3_demo_final,7,whittle,5000,18.4996,83.0,3.6404,17.0,1.0,2.9464,14.0,2.0,2.9888,14.0,3.0,17.0,2.0,2.9676,,,,,,,,,,,,,,,
N3_demo_final,7,round_robin,5000,23.1612,94.0,2.547,18.0,1.0,3.516,21.0,2.0,4.5274,30.0,3.0,30.0,2.0,4.0217,,,,,,,,,,,,,,,
N3_demo_final,7,periodic,5000,22.5854,89.0,4.3512,24.0,1.0,3.7546,24.0,2.0,3.575,18.0,3.0,24.0,2.0,3.6648,,,,,,,,,,,,,,,
N3_demo_final,7,greedy,5000,19.5996,96.0,5.032,22.0,1.0,3.283,17.0,2.0,2.6672,15.0,3.0,22.0,2.0,2.9751,,,,,,,,,,,,,,,
N3_demo_final,7,random,5000,29.0346,129.0,3.4318,21.0,1.0,4.2838,27.0,2.0,5.6784,38.0,3.0,38.0,2.0,4.9811,,,,,,,,,,,,,,,
N3_demo_final,8,whittle,5000,18.2388,76.0,3.5946,14.0,1.0,2.9136,13.0,2.0,2.939,14.0,3.0,14.0,2.0,2.9263000000000003,,,,,,,,,,,,,,,
N3_demo_final,8,round_robin,5000,23.397,112.0,2.5128,12.0,1.0,3.435,18.0,2.0,4.6714,36.0,3.0,36.0,2.0,4.0532,,,,,,,,,,,,,,,
N3_demo_final,8,periodic,5000,22.5246,82.0,4.4352,24.0,1.0,3.7068,23.0,2.0,3.5586,23.0,3.0,24.0,2.0,3.6327,,,,,,,,,,,,,,,
N3_demo_final,8,greedy,5000,19.2282,71.0,4.9882,18.0,1.0,3.2086,13.0,2.0,2.6076,12.0,3.0,18.0,2.0,2.9081,,,,,,,,,,,,,,,
N3_demo_final,8,random,5000,30.4088,177.0,3.5532,36.0,1.0,4.1788,24.0,2.0,6.166,56.0,3.0,56.0,2.0,5.1724,,,,,,,,,,,,,,,
N3_demo_final,9,whittle,5000,18.3348,93.0,3.5756,18.0,1.0,2.915,14.0,2.0,2.9764,17.0,3.0,18.0,2.0,2.9457,,,,,,,,,,,,,,,
N3_demo_final,9,round_robin,5000,23.5764,97.0,2.4978,12.0,1.0,3.327,21.0,2.0,4.8082,27.0,3.0,27.0,2.0,4.0676000000000005,,,,,,,,,,,,,,,
N3_demo_final,9,periodic,5000,22.9982,92.0,4.7376,30.0,1.0,3.8296,29.0,2.0,3.5338,19.0,3.0,30.0,2.0,3.6817,,,,,,,,,,,,,,,
N3_demo_final,9,greedy,5000,18.9994,99.0,4.8856,24.0,1.0,3.1572,14.0,2.0,2.5998,17.0,3.0,24.0,2.0,2.8785,,,,,,,,,,,,,,,
N3_demo_final,9,random,5000,30.0024,140.0,3.722,27.0,1.0,4.229,26.0,2.0,5.9408,43.0,3.0,43.0,2.0,5.0849,,,,,,,,,,,,,,,
N5_hetero_final,0,whittle,5000,54.9062,174.0,5.9738,25.0,1.0,5.1096,21.0,1.5,4.9334,18.0,2.0,25.0,2.0,4.3023333333333325,4.2334,16.0,3.0,3.7402,15.0,5.0,,,,,,,,,
N5_hetero_final,0,round_robin,5000,77.3582,328.0,3.645,30.0,1.0,4.4544,25.0,1.5,4.7992,35.0,2.0,55.0,2.0,6.277866666666667,6.3694,45.0,3.0,7.665,55.0,5.0,,,,,,,,,
N5_hetero_final,0,periodic,5000,82.3883,234.5,8.8758,39.0,1.0,6.9394,38.0,1.5,7.4714,39.0,2.0,39.0,2.0,6.608933333333333,6.8082,28.0,3.0,5.5472,28.0,5.0,,,,,,,,,
N5_hetero_final,0,greedy,5000,58.4151,188.0,9.1698,29.0,1.0,6.9158,26.0,1.5,5.5024,19.0,2.0,29.0,2.0,4.252666666666666,4.2056,16.0,3.0,3.05,15.0,5.0,,,,,,,,,
N5_hetero_final,0,random,5000,100.5353,385.5,5.6834,36.0,1.0,6.2198,42.0,1.5,6.999,48.0,2.0,66.0,2.0,8.1472,7.8444,50.0,3.0,9.5982,66.0,5.0,,,,,,,,,
N5_hetero_final,1,whittle,5000,54.1783,174.0,5.7706,26.0,1.0,4.9982,19.0,1.5,4.7826,17.0,2.0,26.0,2.0,4.250066666666666,4.2464,16.0,3.0,3.7212,16.0,5.0,,,,,,,,,
N5_hetero_final,1,round_robin,5000,75.4167,270.5,3.615,15.0,1.0,4.2694,20.0,1.5,5.0292,30.0,2.0,55.0,2.0,6.155200000000001,5.9214,55.0,3.0,7.515,40.0,5.0,,,,,,,,,
N5_hetero_final,1,periodic,5000,82.3107,200.5,8.7874,39.0,1.0,6.987,27.0,1.5,7.357,27.0,2.0,40.0,2.0,6.601266666666667,6.9526,40.0,3.0,5.4942,26.0,5.0,,,,,,,,,
N5_hetero_final,1,greedy,5000,57.8109,201.0,9.2468,32.0,1.0,6.8158,24.0,1.5,5.4564,20.0,2.0,32.0,2.0,4.204,4.1752,16.0,3.0,2.9804,16.0,5.0,,,,,,,,,
N5_hetero_final,1,random,5000,95.2795,284.5,5.7896,39.0,1.0,6.3686,52.0,1.5,6.6996,38.0,2.0,52.0,2.0,7.685,7.6196,43.0,3.0,8.7358,49.0,5.0,,,,,,,,,
N5_hetero_final,2,whittle,5000,54.735,191.5,5.8942,34.0,1.0,5.0128,22.0,1.5,4.8646,19.0,2.0,34.0,2.0,4.294866666666667,4.2538,19.0,3.0,3.7662,17.0,5.0,,,,,,,,,
N5_hetero_final,2,round_robin,5000,75.8767,290.5,3.65,20.0,1.0,4.2794,25.0,1.5,5.1672,30.0,2.0,50.0,2.0,6.183866666666667,5.7244,30.0,3.0,7.66,50.0,5.0,,,,,,,,,
N5_hetero_final,2,periodic,5000,80.5658,236.5,8.7744,52.0,1.0,6.8576,26.0,1.5,7.3506,38.0,2.0,52.0,2.0,6.458000000000001,6.6566,39.0,3.0,5.3668,36.0,5.0,,,,,,,,,
N5_hetero_final,2,greedy,5000,57.8093,180.0,9.1156,37.0,1.0,6.6994,29.0,1.5,5.5292,25.0,2.0,37.0,2.0,4.237933333333333,4.1684,17.0,3.0,3.0162,13.0,5.0,,,,,,,,,
N5_hetero_final,2,random,5000,101.0031,374.5,5.713,39.0,1.0,6.4402,36.0,1.5,7.2082,55.0,2.0,64.0,2.0,8.260933333333334,8.3298,52.0,3.0,9.2448,64.0,5.0,,,,,,,,,
N5_hetero_final,3,whittle,5000,55.4089,177.0,5.9458,21.0,1.0,5.0834,18.0,1.5,4.8978,20.0,2.0,21.0,2.0,4.3398,4.2828,15.0,3.0,3.8388,15.0,5.0,,,,,,,,,
N5_hetero_final,3,round_robin,5000,76.1982,370.5,3.695,15.0,1.0,4.3344,25.0,1.5,4.9942,25.0,2.0,65.0,2.0,6.1722,5.7994,45.0,3.0,7.723,65.0,5.0,,,,,,,,,
N5_hetero_final,3,periodic,5000,81.4585,210.5,8.8888,39.0,1.0,6.5826,26.0,1.5,7.511,38.0,2.0,39.0,2.0,6.592133333333333,6.8266,38.0,3.0,5.4388,36.0,5.0,,,,,,,,,
N5_hetero_final,3,greedy,5000,58.6982,187.5,9.3378,30.0,1.0,6.8556,25.0,1.5,5.549,20.0,2.0,30.0,2.0,4.277733333333333,4.221,15.0,3.0,3.0632,14.0,5.0,,,,,,,,,
N5_hetero_final,3,random,5000,103.4374,308.0,6.177,39.0,1.0,6.3616,41.0,1.5,7.3282,48.0,2.0,48.0,2.0,8.408733333333332,8.2142,48.0,3.0,9.6838,47.0,5.0,,,,,,,,,
N5_hetero_final,4,whittle,5000,54.5597,175.0,5.9566,21.0,1.0,5.0546,25.0,1.5,4.8098,18.0,2.0,25.0,2.0,4.263133333333333,4.2482,16.0,3.0,3.7314,15.0,5.0,,,,,,,,,
N5_hetero_final,4,round_robin,5000,74.2012,230.5,3.655,20.0,1.0,4.3444,25.0,1.5,4.9622,30.0,2.0,40.0,2.0,6.053533333333333,5.9434,30.0,3.0,7.255,40.0,5.0,,,,,,,,,
N5_hetero_final,4,periodic,5000,80.6256,239.0,8.6184,52.0,1.0,7.0536,38.0,1.5,7.536,40.0,2.0,52.0,2.0,6.4776,6.5646,27.0,3.0,5.3322,26.0,5.0,,,,,,,,,
N5_hetero_final,4,greedy,5000,57.7609,201.0,9.2612,33.0,1.0,6.7814,25.0,1.5,5.4696,23.0,2.0,33.0,2.0,4.1997333333333335,4.1298,15.0,3.0,2.9998,14.0,5.0,,,,,,,,,
N5_hetero_final,4,random,5000,103.7207,390.0,5.4218,30.0,1.0,6.3418,54.0,1.5,7.2748,44.0,2.0,69.0,2.0,8.422333333333334,7.8622,67.0,3.0,10.13,69.0,5.0,,,,,,,,,
N5_hetero_final,5,whittle,5000,53.9667,173.5,5.8744,25.0,1.0,4.995,18.0,1.5,4.7378,18.0,2.0,25.0,2.0,4.220133333333333,4.2444,17.0,3.0,3.6782,15.0,5.0,,,,,,,,,
N5_hetero_final,5,round_robin,5000,76.5257,293.0,3.735,20.0,1.0,4.3814,25.0,1.5,5.0042,25.0,2.0,50.0,2.0,6.194533333333333,5.8434,30.0,3.0,7.736,50.0,5.0,,,,,,,,,
N5_hetero_final,5,periodic,5000,80.7743,207.0,8.4832,39.0,1.0,6.9402,27.0,1.5,7.3534,52.0,2.0,52.0,2.0,6.5052666666666665,6.819,38.0,3.0,5.3434,26.0,5.0,,,,,,,,,
N5_hetero_final,5,greedy,5000,57.6199,191.0,9.3054,34.0,1.0,6.7874,26.0,1.5,5.4094,20.0,2.0,34.0,2.0,4.176,4.1392,16.0,3.0,2.9794,13.0,5.0,,,,,,,,,
N5_hetero_final,5,random,5000,101.9972,454.5,5.713,34.0,1.0,6.3688,40.0,1.5,7.0098,45.0,2.0,83.0,2.0,8.248,7.9798,53.0,3.0,9.7544,83.0,5.0,,,,,,,,,
N5_hetero_final,6,whittle,5000,53.3617,143.5,5.7056,21.0,1.0,4.9862,18.0,1.5,4.7656,16.0,2.0,21.0,2.0,4.185466666666667,4.1542,16.0,3.0,3.6366,12.0,5.0,,,,,,,,,
N5_hetero_final,6,round_robin,5000,72.0377,258.0,3.64,20.0,1.0,4.2934,25.0,1.5,5.1822,30.0,2.0,45.0,2.0,5.9248666666666665,5.6844,30.0,3.0,6.908,45.0,5.0,,,,,,,,,
N5_hetero_final,6,periodic,5000,80.0154,207.0,9.362,65.0,1.0,7.2672,52.0,1.5,7.3834,39.0,2.0,65.0,2.0,6.341333333333334,6.6086,26.0,3.0,5.032,24.0,5.0,,,,,,,,,
N5_hetero_final,6,greedy,5000,56.9946,173.5,9.1236,30.0,1.0,6.692,22.0,1.5,5.4176,20.0,2.0,30.0,2.0,4.146866666666667,4.0586,17.0,3.0,2.9644,12.0,5.0,,,,,,,,,
N5_hetero_final,6,random,5000,98.3484,347.0,5.5216,31.0,1.0,6.2716,35.0,1.5,7.4762,65.0,2.0,65.0,2.0,8.077599999999999,7.658,49.0,3.0,9.0986,59.0,5.0,,,,,,,,,
N5_hetero_final,7,whittle,5000,54.6228,163.5,5.9442,21.0,1.0,5.0304,18.0,1.5,4.8486,17.0,2.0,21.0,2.0,4.2832,4.2846,16.0,3.0,3.7164,14.0,5.0,,,,,,,,,
N5_hetero_final,7,round_robin,5000,77.9702,298.0,3.73,20.0,1.0,4.4744,30.0,1.5,4.9072,25.0,2.0,50.0,2.0,6.3015333333333325,6.1364,45.0,3.0,7.861,50.0,5.0,,,,,,,,,
N5_hetero_final,7,periodic,5000,81.2368,186.5,8.8888,39.0,1.0,6.916,27.0,1.5,7.5302,38.0,2.0,39.0,2.0,6.5014,6.4782,26.0,3.0,5.4958,25.0,5.0,,,,,,,,,
N5_hetero_final,7,greedy,5000,57.857,147.0,9.2304,29.0,1.0,6.7408,22.0,1.5,5.5094,20.0,2.0,29.0,2.0,4.2236,4.1552,14.0,3.0,3.0062,11.0,5.0,,,,,,,,,
N5_hetero_final,7,random,5000,96.3309,333.5,5.8774,46.0,1.0,5.9158,33.0,1.5,7.5118,46.0,2.0,51.0,2.0,7.991733333333333,7.8804,51.0,3.0,8.583,48.0,5.0,,,,,,,,,
N5_hetero_final,8,whittle,5000,54.8877,197.5,5.9424,22.0,1.0,5.079,17.0,1.5,4.837,25.0,2.0,25.0,2.0,4.293266666666667,4.2806,15.0,3.0,3.7622,18.0,5.0,,,,,,,,,
N5_hetero_final,8,round_robin,5000,73.7122,260.5,3.595,15.0,1.0,4.3164,30.0,1.5,5.1142,30.0,2.0,40.0,2.0,6.074533333333334,6.0664,35.0,3.0,7.043,40.0,5.0,,,,,,,,,
N5_hetero_final,8,periodic,5000,80.6754,204.5,8.7198,52.0,1.0,6.9348,38.0,1.5,7.6426,38.0,2.0,52.0,2.0,6.521999999999999,6.6744,38.0,3.0,5.249,25.0,5.0,,,,,,,,,
N5_hetero_final,8,greedy,5000,58.0791,177.0,9.2914,30.0,1.0,6.7946,23.0,1.5,5.5524,19.0,2.0,30.0,2.0,4.2367333333333335,4.149,16.0,3.0,3.0088,14.0,5.0,,,,,,,,,
N5_hetero_final,8,random,5000,103.1746,408.0,5.3482,34.0,1.0,6.4904,37.0,1.5,6.8232,34.0,2.0,70.0,2.0,8.318933333333334,8.1118,43.0,3.0,10.0218,70.0,5.0,,,,,,,,,
N5_hetero_final,9,whittle,5000,54.0618,151.5,5.812,19.0,1.0,5.05,19.0,1.5,4.7854,16.0,2.0,19.0,2.0,4.235133333333334,4.248,15.0,3.0,3.672,14.0,5.0,,,,,,,,,
N5_hetero_final,9,round_robin,5000,73.5902,315.5,3.69,25.0,1.0,4.2584,20.0,1.5,5.0312,40.0,2.0,45.0,2.0,6.0182,5.8334,35.0,3.0,7.19,45.0,5.0,,,,,,,,,
N5_hetero_final,9,periodic,5000,80.81,179.5,9.2944,52.0,1.0,6.8436,26.0,1.5,7.2326,27.0,2.0,52.0,2.0,6.4212,6.685,37.0,3.0,5.346,24.0,5.0,,,,,,,,,
N5_hetero_final,9,greedy,5000,58.4315,193.5,9.3294,31.0,1.0,6.9102,25.0,1.5,5.5434,18.0,2.0,31.0,2.0,4.244866666666667,4.153,15.0,3.0,3.0382,14.0,5.0,,,,,,,,,
N5_hetero_final,9,random,5000,96.2799,330.5,5.219,29.0,1.0,6.4546,40.0,1.5,6.3278,41.0,2.0,65.0,2.0,7.805599999999999,8.3608,65.0,3.0,8.7282,49.0,5.0,,,,,,,,,
N8_hetero_final,0,whittle,5000,133.53094,338.0,9.1734,37.0,1.0,8.6102,45.0,1.2,7.92,31.0,1.5,45.0,2.0,6.0814,6.914,24.0,2.0,6.3934,22.0,2.5,6.2826,20.0,3.0,5.708,17.0,4.0,5.109,17.0,6.0
N8_hetero_final,0,round_robin,5000,189.45747999999998,558.0,5.46,32.0,1.0,6.0284,32.0,1.2,6.466,32.0,1.5,64.0,2.0,8.9752,7.1424,40.0,2.0,8.7216,56.0,2.5,8.3892,48.0,3.0,8.9644,48.0,4.0,11.6584,64.0,6.0
N8_hetero_final,0,periodic,5000,225.48286000000002,434.5,13.2012,42.0,1.0,14.9778,84.0,1.2,11.7202,63.0,1.5,84.0,2.0,10.55788,11.8384,64.0,2.0,11.7884,42.0,2.5,10.4086,42.0,3.0,10.0848,42.0,4.0,8.6692,42.0,6.0
N8_hetero_final,0,greedy,5000,144.25475999999998,334.3,15.3944,47.0,1.0,13.1488,42.0,1.2,10.7948,32.0,1.5,47.0,2.0,6.186680000000001,8.6548,27.0,2.0,7.1336,25.0,2.5,6.3544,23.0,3.0,5.0304,18.0,4.0,3.7602,14.0,6.0
N8_hetero_final,0,random,5000,258.53218,685.0,8.645,49.0,1.0,8.7424,72.0,1.2,9.5764,59.0,1.5,94.0,2.0,12.46936,11.0338,51.0,2.0,12.359,94.0,2.5,11.4626,56.0,3.0,13.6348,78.0,4.0,13.8566,68.0,6.0
N8_hetero_final,1,whittle,5000,128.07868,332.8,8.8884,32.0,1.0,8.3444,37.0,1.2,7.5278,32.0,1.5,37.0,2.0,5.8246,6.55,23.0,2.0,6.1062,21.0,2.5,6.101,20.0,3.0,5.489,18.0,4.0,4.8768,17.0,6.0
N8_hetero_final,1,round_robin,5000,180.72772,483.2,5.268,24.0,1.0,6.1116,24.0,1.2,6.5508,32.0,1.5,64.0,2.0,8.40208,6.5216,32.0,2.0,7.6016,48.0,2.5,7.9412,40.0,3.0,8.6236,40.0,4.0,11.3224,64.0,6.0
N8_hetero_final,1,periodic,5000,221.9283,415.2,13.6422,63.0,1.0,14.793,105.0,1.2,10.85,41.0,1.5,105.0,2.0,10.560599999999999,11.8388,63.0,2.0,12.851,62.0,2.5,10.4348,42.0,3.0,9.4602,40.0,4.0,8.2182,38.0,6.0
N8_hetero_final,1,greedy,5000,139.58926,307.3,14.9828,42.0,1.0,12.6958,42.0,1.2,10.6888,31.0,1.5,42.0,2.0,5.96892,8.4242,25.0,2.0,6.8362,22.0,2.5,6.1334,19.0,3.0,4.8528,16.0,4.0,3.598,12.0,6.0
N8_hetero_final,1,random,5000,254.42346,705.1,9.764,84.0,1.0,9.3948,69.0,1.2,9.5614,63.0,1.5,114.0,2.0,12.072040000000001,9.4628,59.0,2.0,11.9676,73.0,2.5,10.5114,63.0,3.0,15.9228,114.0,4.0,12.4956,78.0,6.0
N8_hetero_final,2,whittle,5000,131.7478,347.9,9.2096,40.0,1.0,8.549,34.0,1.2,7.805,29.0,1.5,40.0,2.0,5.97616,6.7184,27.0,2.0,6.2446,21.0,2.5,6.226,22.0,3.0,5.6526,20.0,4.0,5.0392,19.0,6.0
N8_hetero_final,2,round_robin,5000,187.9058,552.8,5.3064,24.0,1.0,6.214,48.0,1.2,6.5588,72.0,1.5,72.0,2.0,8.75024,6.8096,48.0,2.0,7.9152,56.0,2.5,8.0052,40.0,3.0,9.1228,48.0,4.0,11.8984,64.0,6.0
N8_hetero_final,2,periodic,5000,222.64384000000004,432.1,13.0248,63.0,1.0,15.4062,84.0,1.2,11.3186,42.0,1.5,84.0,2.0,10.46912,11.3764,62.0,2.0,12.4022,43.0,2.5,10.6474,42.0,3.0,9.5322,41.0,4.0,8.3874,38.0,6.0
N8_hetero_final,2,greedy,5000,141.84076000000002,370.2,15.2588,47.0,1.0,13.1048,41.0,1.2,10.8996,37.0,1.5,47.0,2.0,6.03692,8.4784,28.0,2.0,6.9708,24.0,2.5,6.1506,20.0,3.0,4.9188,19.0,4.0,3.666,17.0,6.0
N8_hetero_final,2,random,5000,254.8504,872.6,9.2552,60.0,1.0,10.064,82.0,1.2,9.5604,59.0,1.5,96.0,2.0,11.91008,10.1672,64.0,2.0,11.2524,80.0,2.5,11.2812,63.0,3.0,12.1144,64.0,4.0,14.7352,96.0,6.0
N8_hetero_final,3,whittle,5000,129.5689,368.0,8.8508,41.0,1.0,8.394,38.0,1.2,7.6682,39.0,1.5,41.0,2.0,5.89916,6.7088,24.0,2.0,6.1464,21.0,2.5,6.119,20.0,3.0,5.5636,20.0,4.0,4.958,20.0,6.0
N8_hetero_final,3,round_robin,5000,181.99364,578.0,5.3064,24.0,1.0,5.6892,32.0,1.2,6.7252,40.0,1.5,72.0,2.0,8.575199999999999,6.7504,40.0,2.0,7.552,40.0,2.5,7.8356,40.0,3.0,10.2716,72.0,4.0,10.4664,64.0,6.0
N8_hetero_final,3,periodic,5000,221.26815999999997,444.5,13.2012,63.0,1.0,15.1458,105.0,1.2,11.0258,42.0,1.5,105.0,2.0,10.3848,11.2156,42.0,2.0,11.8946,62.0,2.5,10.6052,62.0,3.0,9.9408,43.0,4.0,8.2678,39.0,6.0
N8_hetero_final,3,greedy,5000,141.8336,340.9,15.1516,48.0,1.0,12.886,42.0,1.2,10.7172,34.0,1.5,48.0,2.0,6.07516,8.5066,26.0,2.0,6.9984,24.0,2.5,6.2274,23.0,3.0,4.9544,18.0,4.0,3.689,14.0,6.0
N8_hetero_final,3,random,5000,254.20322000000002,730.7,9.1568,68.0,1.0,9.0096,42.0,1.2,10.4412,61.0,1.5,96.0,2.0,11.98604,10.6504,79.0,2.0,10.6998,74.0,2.5,11.8232,89.0,3.0,12.7438,74.0,4.0,14.013,96.0,6.0
N8_hetero_final,4,whittle,5000,129.15732,305.4,8.8388,34.0,1.0,8.2176,26.0,1.2,7.7176,30.0,1.5,34.0,2.0,5.8845600000000005,6.6128,20.0,2.0,6.1792,20.0,2.5,6.1802,19.0,3.0,5.5184,17.0,4.0,4.9322,18.0,6.0
N8_hetero_final,4,round_robin,5000,185.24964,544.8,5.3576,24.0,1.0,5.7532,32.0,1.2,6.3716,32.0,1.5,56.0,2.0,8.82224,6.8224,40.0,2.0,7.8256,56.0,2.5,8.97,48.0,3.0,9.8236,56.0,4.0,10.6696,56.0,6.0
N8_hetero_final,4,periodic,5000,219.39842000000002,402.9,13.0248,63.0,1.0,14.2596,63.0,1.2,11.5752,62.0,1.5,63.0,2.0,10.2982,11.3378,43.0,2.0,11.7974,42.0,2.5,10.5374,42.0,3.0,9.3962,39.0,4.0,8.4222,40.0,6.0
N8_hetero_final,4,greedy,5000,139.38386,295.2,14.8976,46.0,1.0,12.6748,38.0,1.2,10.4616,35.0,1.5,46.0,2.0,5.987559999999999,8.4336,26.0,2.0,6.8854,21.0,2.5,6.1682,20.0,3.0,4.8524,17.0,4.0,3.5982,13.0,6.0
N8_hetero_final,4,random,5000,269.73938,881.0,8.6724,47.0,1.0,8.9434,62.0,1.2,9.328,50.0,1.5,113.0,2.0,12.896440000000002,10.4242,67.0,2.0,11.8118,62.0,2.5,12.1806,74.0,3.0,15.4852,110.0,4.0,14.5804,113.0,6.0
N8_hetero_final,5,whittle,5000,129.90732000000003,341.0,8.861,36.0,1.0,8.3726,34.0,1.2,7.6944,23.0,1.5,36.0,2.0,5.9138,6.644,23.0,2.0,6.1936,19.0,2.5,6.1816,21.0,3.0,5.579,21.0,4.0,4.9708,18.0,6.0
N8_hetero_final,5,round_robin,5000,183.36388,476.8,5.332,32.0,1.0,6.0604,40.0,1.2,6.2132,32.0,1.5,72.0,2.0,8.60496,7.0704,40.0,2.0,7.0656,40.0,2.5,8.6036,72.0,3.0,8.9436,40.0,4.0,11.3416,56.0,6.0
N8_hetero_final,5,periodic,5000,222.79706000000002,415.6,13.9068,84.0,1.0,15.6708,84.0,1.2,11.222,42.0,1.5,84.0,2.0,10.43372,11.4548,84.0,2.0,12.3898,43.0,2.5,10.2666,41.0,3.0,9.888,43.0,4.0,8.1694,40.0,6.0
N8_hetero_final,5,greedy,5000,140.74903999999998,355.4,15.1366,49.0,1.0,13.0042,42.0,1.2,10.6702,34.0,1.5,49.0,2.0,6.00936,8.4598,26.0,2.0,6.9526,22.0,2.5,6.129,20.0,3.0,4.8592,19.0,4.0,3.6462,15.0,6.0
N8_hetero_final,5,random,5000,259.26808,874.6,8.4582,67.0,1.0,9.3374,81.0,1.2,10.9166,79.0,1.5,95.0,2.0,12.23732,11.1142,83.0,2.0,10.9854,81.0,2.5,11.9494,60.0,3.0,12.5678,66.0,4.0,14.5698,95.0,6.0
N8_hetero_final,6,whittle,5000,129.66542,322.8,8.9764,36.0,1.0,8.4066,35.0,1.2,7.633,31.0,1.5,36.0,2.0,5.896520000000001,6.595,25.0,2.0,6.2252,28.0,2.5,6.177,21.0,3.0,5.5224,20.0,4.0,4.963,17.0,6.0
N8_hetero_final,6,round_robin,5000,185.99348,503.2,5.268,24.0,1.0,5.9484,32.0,1.2,6.674,32.0,1.5,64.0,2.0,8.79792,7.3904,48.0,2.0,7.48,56.0,2.5,8.7732,64.0,3.0,9.15,56.0,4.0,11.196,64.0,6.0
N8_hetero_final,6,periodic,5000,221.71712000000002,435.1,14.2596,84.0,1.0,14.0076,84.0,1.2,10.8624,42.0,1.5,84.0,2.0,10.50128,11.3574,42.0,2.0,12.9052,64.0,2.5,10.3018,41.0,3.0,9.5902,39.0,4.0,8.3518,42.0,6.0
N8_hetero_final,6,greedy,5000,142.6266,428.8,15.7006,56.0,1.0,13.084,48.0,1.2,10.766,38.0,1.5,56.0,2.0,6.071000000000001,8.5312,31.0,2.0,6.9348,23.0,2.5,6.2404,21.0,3.0,4.968,19.0,4.0,3.6806,19.0,6.0
N8_hetero_final,6,random,5000,274.20253999999994,684.9,8.6592,60.0,1.0,10.8802,67.0,1.2,9.8226,61.0,1.5,87.0,2.0,12.80352,10.7378,61.0,2.0,10.9836,87.0,2.5,12.4898,71.0,3.0,13.7446,82.0,4.0,16.0618,85.0,6.0
N8_hetero_final,7,whittle,5000,130.03648,307.8,9.0864,32.0,1.0,8.2814,34.0,1.2,7.5794,27.0,1.5,34.0,2.0,5.930359999999999,6.628,21.0,2.0,6.243,19.0,2.5,6.2526,19.0,3.0,5.5736,17.0,4.0,4.9546,18.0,6.0
N8_hetero_final,7,round_robin,5000,186.68243999999999,551.6,5.1912,24.0,1.0,5.5612,32.0,1.2,6.162,32.0,1.5,64.0,2.0,8.65712,6.2384,32.0,2.0,7.416,40.0,2.5,8.3812,56.0,3.0,9.0428,48.0,4.0,12.2072,64.0,6.0
N8_hetero_final,7,periodic,5000,220.32047999999998,427.8,12.8484,63.0,1.0,14.0874,63.0,1.2,11.2588,42.0,1.5,63.0,2.0,10.44516,10.9768,42.0,2.0,12.4176,62.0,2.5,10.8534,43.0,3.0,9.8734,61.0,4.0,8.1046,38.0,6.0
N8_hetero_final,7,greedy,5000,140.524,339.0,14.8586,45.0,1.0,12.788,40.0,1.2,10.7482,37.0,1.5,45.0,2.0,6.024120000000001,8.4868,29.0,2.0,6.971,25.0,2.5,6.158,22.0,3.0,4.8532,17.0,4.0,3.6516,13.0,6.0
N8_hetero_final,7,random,5000,259.5199,767.3,8.1702,53.0,1.0,9.648,60.0,1.2,10.1868,65.0,1.5,87.0,2.0,12.17744,10.0732,71.0,2.0,10.8778,76.0,2.5,11.8694,79.0,3.0,13.429,79.0,4.0,14.6378,87.0,6.0
N8_hetero_final,8,whittle,5000,128.8223,286.7,9.0284,35.0,1.0,8.286,27.0,1.2,7.5746,24.0,1.5,35.0,2.0,5.8542000000000005,6.586,23.0,2.0,6.128,19.0,2.5,6.1072,20.0,3.0,5.5118,19.0,4.0,4.938,17.0,6.0
N8_hetero_final,8,round_robin,5000,184.54996,534.4,5.332,32.0,1.0,5.8428,32.0,1.2,6.8628,48.0,1.5,64.0,2.0,8.6584,6.5584,32.0,2.0,7.7616,40.0,2.5,7.8868,48.0,3.0,10.39,56.0,4.0,10.6952,64.0,6.0
N8_hetero_final,8,periodic,5000,217.1023,386.8,13.554,63.0,1.0,14.436,84.0,1.2,10.9304,43.0,1.5,84.0,2.0,10.18196,11.2404,62.0,2.0,11.3886,42.0,2.5,10.61,43.0,3.0,9.4888,40.0,4.0,8.182,39.0,6.0
N8_hetero_final,8,greedy,5000,141.22006000000002,333.9,15.021,53.0,1.0,13.1288,41.0,1.2,10.7128,35.0,1.5,53.0,2.0,6.03224,8.4358,28.0,2.0,7.0158,21.0,2.5,6.1402,22.0,3.0,4.9364,17.0,4.0,3.633,15.0,6.0
N8_hetero_final,8,random,5000,266.92822,723.0,8.809,42.0,1.0,9.4696,81.0,1.2,10.3238,63.0,1.5,90.0,2.0,12.43572,9.453,46.0,2.0,12.5752,82.0,2.5,11.078,65.0,3.0,13.3712,78.0,4.0,15.7012,90.0,6.0
N8_hetero_final,9,whittle,5000,128.33713999999998,334.0,8.777,36.0,1.0,8.2282,32.0,1.2,7.5522,27.0,1.5,36.0,2.0,5.85384,6.5588,23.0,2.0,6.136,21.0,2.5,6.136,22.0,3.0,5.569,19.0,4.0,4.8694,18.0,6.0
N8_hetero_final,9,round_robin,5000,186.02436,559.6,5.3576,24.0,1.0,5.8268,32.0,1.2,6.2772,40.0,1.5,80.0,2.0,8.760159999999999,6.6608,40.0,2.0,7.424,40.0,2.5,8.7572,72.0,3.0,9.8236,80.0,4.0,11.1352,64.0,6.0
N8_hetero_final,9,periodic,5000,218.50124,394.8,13.4742,63.0,1.0,15.4062,63.0,1.2,10.8614,41.0,1.5,63.0,2.0,10.26016,11.3574,43.0,2.0,11.749,42.0,2.5,10.569,43.0,3.0,9.6496,44.0,4.0,7.9758,24.0,6.0
N8_hetero_final,9,greedy,5000,138.67507999999998,319.4,14.4568,44.0,1.0,12.5774,36.0,1.2,10.8144,36.0,1.5,44.0,2.0,5.93776,8.3066,29.0,2.0,6.8068,25.0,2.5,6.146,22.0,3.0,4.8704,18.0,4.0,3.559,12.0,6.0
N8_hetero_final,9,random,5000,258.79564,825.4,9.7518,79.0,1.0,9.5632,60.0,1.2,9.458,59.0,1.5,86.0,2.0,12.051240000000002,10.1778,54.0,2.0,9.834,59.0,2.5,12.7152,75.0,3.0,12.4402,69.0,4.0,15.089,86.0,6.0
