experiment_name,scenario_name,run_id,strategy,slots,average_weighted_aoi,peak_weighted_aoi,avg_aoi_0,peak_aoi_0,weight_0,avg_aoi_1,peak_aoi_1,weight_1,avg_aoi_2,peak_aoi_2,weight_2,avg_aoi_3,peak_aoi_3,weight_3,avg_aoi_4,peak_aoi_4,weight_4,system_peak_aoi,high_weight_threshold,high_weight_avg_aoi,avg_decision_time_ms,total_runtime_s,avg_aoi_5,peak_aoi_5,weight_5,avg_aoi_6,peak_aoi_6,weight_6,avg_aoi_7,peak_aoi_7,weight_7,avg_aoi_8,peak_aoi_8,weight_8,avg_aoi_9,peak_aoi_9,weight_9,avg_aoi_10,peak_aoi_10,weight_10,avg_aoi_11,peak_aoi_11,weight_11,avg_aoi_12,peak_aoi_12,weight_12,avg_aoi_13,peak_aoi_13,weight_13,avg_aoi_14,peak_aoi_14,weight_14,avg_aoi_15,peak_aoi_15,weight_15,avg_aoi_16,peak_aoi_16,weight_16,avg_aoi_17,peak_aoi_17,weight_17,avg_aoi_18,peak_aoi_18,weight_18,avg_aoi_19,peak_aoi_19,weight_19,avg_aoi_20,peak_aoi_20,weight_20,avg_aoi_21,peak_aoi_21,weight_21,avg_aoi_22,peak_aoi_22,weight_22,avg_aoi_23,peak_aoi_23,weight_23,avg_aoi_24,peak_aoi_24,weight_24,avg_aoi_25,peak_aoi_25,weight_25,avg_aoi_26,peak_aoi_26,weight_26,avg_aoi_27,peak_aoi_27,weight_27,avg_aoi_28,peak_aoi_28,weight_28,avg_aoi_29,peak_aoi_29,weight_29,avg_aoi_30,peak_aoi_30,weight_30,avg_aoi_31,peak_aoi_31,weight_31,avg_aoi_32,peak_aoi_32,weight_32,avg_aoi_33,peak_aoi_33,weight_33,avg_aoi_34,peak_aoi_34,weight_34,avg_aoi_35,peak_aoi_35,weight_35,avg_aoi_36,peak_aoi_36,weight_36,avg_aoi_37,peak_aoi_37,weight_37,avg_aoi_38,peak_aoi_38,weight_38,avg_aoi_39,peak_aoi_39,weight_39,avg_aoi_40,peak_aoi_40,weight_40,avg_aoi_41,peak_aoi_41,weight_41,avg_aoi_42,peak_aoi_42,weight_42,avg_aoi_43,peak_aoi_43,weight_43,avg_aoi_44,peak_aoi_44,weight_44,avg_aoi_45,peak_aoi_45,weight_45,avg_aoi_46,peak_aoi_46,weight_46,avg_aoi_47,peak_aoi_47,weight_47,avg_aoi_48,peak_aoi_48,weight_48,avg_aoi_49,peak_aoi_49,weight_49
scalability,N_5,0,whittle,2000,65.824,214.0,6.5595,27.0,1.0,4.8205,21.0,2.0,4.1885,17.0,3.0,4.1095,18.0,4.0,4.124,16.0,5.0,27.0,3.0,4.140666666666667,0.002931123,0.015045532956719398,,,,,,,,,,,,,,,,,,,,,,,,,,,,,,,,,,,,,,,,,,,,,,,,,,,,,,,,,,,,,,,,,,,,,,,,,,,,,,,,,,,,,,,,,,,,,,,,,,,,,,,,,,,,,,,,,,,,,,,,,,,,,,,,,,,,,,,
scalability,N_5,0,round_robin,2000,83.575,255.0,3.6125,20.0,1.0,4.296,25.0,2.0,4.8105,20.0,3.0,5.7035,30.0,4.0,6.825,40.0,5.0,40.0,3.0,5.7796666666666665,0.00013384899999999999,0.008627449977211654,,,,,,,,,,,,,,,,,,,,,,,,,,,,,,,,,,,,,,,,,,,,,,,,,,,,,,,,,,,,,,,,,,,,,,,,,,,,,,,,,,,,,,,,,,,,,,,,,,,,,,,,,,,,,,,,,,,,,,,,,,,,,,,,,,,,,,,
scalability,N_5,0,periodic,2000,109.178,292.0,11.55,60.0,1.0,8.302,44.0,2.0,7.259,30.0,3.0,6.7305,29.0,4.0,6.465,29.0,5.0,60.0,3.0,6.8181666666666665,0.00012725,0.008560659014619887,,,,,,,,,,,,,,,,,,,,,,,,,,,,,,,,,,,,,,,,,,,,,,,,,,,,,,,,,,,,,,,,,,,,,,,,,,,,,,,,,,,,,,,,,,,,,,,,,,,,,,,,,,,,,,,,,,,,,,,,,,,,,,,,,,,,,,,
scalability,N_5,0,greedy,2000,69.022,192.0,10.598,32.0,1.0,6.3225,22.0,2.0,4.686,18.0,3.0,3.769,15.0,4.0,3.329,13.0,5.0,32.0,3.0,3.9280000000000004,0.000720927,0.009500168031081557,,,,,,,,,,,,,,,,,,,,,,,,,,,,,,,,,,,,,,,,,,,,,,,,,,,,,,,,,,,,,,,,,,,,,,,,,,,,,,,,,,,,,,,,,,,,,,,,,,,,,,,,,,,,,,,,,,,,,,,,,,,,,,,,,,,,,,,
scalability,N_5,0,random,2000,119.2955,346.0,5.6985,34.0,1.0,5.723,31.0,2.0,6.943,38.0,3.0,8.618,45.0,4.0,9.37,50.0,5.0,50.0,3.0,8.310333333333332,0.0013511905,0.010943147935904562,,,,,,,,,,,,,,,,,,,,,,,,,,,,,,,,,,,,,,,,,,,,,,,,,,,,,,,,,,,,,,,,,,,,,,,,,,,,,,,,,,,,,,,,,,,,,,,,,,,,,,,,,,,,,,,,,,,,,,,,,,,,,,,,,,,,,,,
scalability,N_5,1,whittle,2000,64.3925,204.0,6.145,23.0,1.0,4.739,17.0,2.0,4.091,16.0,3.0,4.071,17.0,4.0,4.0425,13.0,5.0,23.0,3.0,4.0681666666666665,0.0029204335000000002,0.014830657048150897,,,,,,,,,,,,,,,,,,,,,,,,,,,,,,,,,,,,,,,,,,,,,,,,,,,,,,,,,,,,,,,,,,,,,,,,,,,,,,,,,,,,,,,,,,,,,,,,,,,,,,,,,,,,,,,,,,,,,,,,,,,,,,,,,,,,,,,
scalability,N_5,1,round_robin,2000,83.7725,225.0,3.4875,15.0,1.0,4.236,25.0,2.0,4.823,25.0,3.0,5.586,25.0,4.0,7.0,40.0,5.0,40.0,3.0,5.803,0.00012645699999999999,0.008413553005084395,,,,,,,,,,,,,,,,,,,,,,,,,,,,,,,,,,,,,,,,,,,,,,,,,,,,,,,,,,,,,,,,,,,,,,,,,,,,,,,,,,,,,,,,,,,,,,,,,,,,,,,,,,,,,,,,,,,,,,,,,,,,,,,,,,,,,,,
scalability,N_5,1,periodic,2000,108.1895,270.0,10.9125,60.0,1.0,7.7635,30.0,2.0,6.9315,29.0,3.0,6.8045,28.0,4.0,6.7475,42.0,5.0,60.0,3.0,6.827833333333333,0.00013340649999999998,0.00850641296710819,,,,,,,,,,,,,,,,,,,,,,,,,,,,,,,,,,,,,,,,,,,,,,,,,,,,,,,,,,,,,,,,,,,,,,,,,,,,,,,,,,,,,,,,,,,,,,,,,,,,,,,,,,,,,,,,,,,,,,,,,,,,,,,,,,,,,,,
scalability,N_5,1,greedy,2000,68.44,213.0,10.6275,31.0,1.0,6.1615,18.0,2.0,4.6,18.0,3.0,3.7805,16.0,4.0,3.3135,12.0,5.0,31.0,3.0,3.8979999999999997,0.0007153825,0.009511557058431208,,,,,,,,,,,,,,,,,,,,,,,,,,,,,,,,,,,,,,,,,,,,,,,,,,,,,,,,,,,,,,,,,,,,,,,,,,,,,,,,,,,,,,,,,,,,,,,,,,,,,,,,,,,,,,,,,,,,,,,,,,,,,,,,,,,,,,,
scalability,N_5,1,random,2000,118.2425,362.0,5.6255,32.0,1.0,6.3985,33.0,2.0,6.543,34.0,3.0,7.9565,41.0,4.0,9.673,58.0,5.0,58.0,3.0,8.0575,0.0013534005,0.010993337957188487,,,,,,,,,,,,,,,,,,,,,,,,,,,,,,,,,,,,,,,,,,,,,,,,,,,,,,,,,,,,,,,,,,,,,,,,,,,,,,,,,,,,,,,,,,,,,,,,,,,,,,,,,,,,,,,,,,,,,,,,,,,,,,,,,,,,,,,
scalability,N_5,2,whittle,2000,66.131,175.0,6.5025,20.0,1.0,4.8215,14.0,2.0,4.187,14.0,3.0,4.1555,13.0,4.0,4.1605,15.0,5.0,20.0,3.0,4.167666666666666,0.0029328795,0.014807487023063004,,,,,,,,,,,,,,,,,,,,,,,,,,,,,,,,,,,,,,,,,,,,,,,,,,,,,,,,,,,,,,,,,,,,,,,,,,,,,,,,,,,,,,,,,,,,,,,,,,,,,,,,,,,,,,,,,,,,,,,,,,,,,,,,,,,,,,,
scalability,N_5,2,round_robin,2000,93.6925,345.0,3.575,15.0,1.0,4.4485,25.0,2.0,5.363,35.0,3.0,6.861,35.0,4.0,7.5375,55.0,5.0,55.0,3.0,6.587166666666666,0.000125446,0.00835087604355067,,,,,,,,,,,,,,,,,,,,,,,,,,,,,,,,,,,,,,,,,,,,,,,,,,,,,,,,,,,,,,,,,,,,,,,,,,,,,,,,,,,,,,,,,,,,,,,,,,,,,,,,,,,,,,,,,,,,,,,,,,,,,,,,,,,,,,,
scalability,N_5,2,periodic,2000,107.9375,220.0,10.0125,45.0,1.0,8.477,44.0,2.0,7.2385,29.0,3.0,6.7745,30.0,4.0,6.4315,29.0,5.0,45.0,3.0,6.814833333333333,0.00012840100000000002,0.008326975046657026,,,,,,,,,,,,,,,,,,,,,,,,,,,,,,,,,,,,,,,,,,,,,,,,,,,,,,,,,,,,,,,,,,,,,,,,,,,,,,,,,,,,,,,,,,,,,,,,,,,,,,,,,,,,,,,,,,,,,,,,,,,,,,,,,,,,,,,
scalability,N_5,2,greedy,2000,69.781,169.0,10.75,33.0,1.0,6.348,20.0,2.0,4.683,15.0,3.0,3.839,12.0,4.0,3.386,12.0,5.0,33.0,3.0,3.9693333333333336,0.0007082125,0.009479877073317766,,,,,,,,,,,,,,,,,,,,,,,,,,,,,,,,,,,,,,,,,,,,,,,,,,,,,,,,,,,,,,,,,,,,,,,,,,,,,,,,,,,,,,,,,,,,,,,,,,,,,,,,,,,,,,,,,,,,,,,,,,,,,,,,,,,,,,,
scalability,N_5,2,random,2000,118.7945,402.0,5.308,31.0,1.0,6.234,31.0,2.0,8.2025,39.0,3.0,8.054,33.0,4.0,8.839,68.0,5.0,68.0,3.0,8.365166666666667,0.00135962,0.011131378007121384,,,,,,,,,,,,,,,,,,,,,,,,,,,,,,,,,,,,,,,,,,,,,,,,,,,,,,,,,,,,,,,,,,,,,,,,,,,,,,,,,,,,,,,,,,,,,,,,,,,,,,,,,,,,,,,,,,,,,,,,,,,,,,,,,,,,,,,
scalability,N_5,3,whittle,2000,64.105,172.0,6.2715,20.0,1.0,4.7075,15.0,2.0,4.0385,14.0,3.0,4.037,14.0,4.0,4.031,14.0,5.0,20.0,3.0,4.0355,0.002952985,0.014785979990847409,,,,,,,,,,,,,,,,,,,,,,,,,,,,,,,,,,,,,,,,,,,,,,,,,,,,,,,,,,,,,,,,,,,,,,,,,,,,,,,,,,,,,,,,,,,,,,,,,,,,,,,,,,,,,,,,,,,,,,,,,,,,,,,,,,,,,,,
scalability,N_5,3,round_robin,2000,82.8825,230.0,3.525,15.0,1.0,4.276,30.0,2.0,5.1805,35.0,3.0,6.0285,30.0,4.0,6.23,30.0,5.0,35.0,3.0,5.813,0.0001238825,0.008356938953511417,,,,,,,,,,,,,,,,,,,,,,,,,,,,,,,,,,,,,,,,,,,,,,,,,,,,,,,,,,,,,,,,,,,,,,,,,,,,,,,,,,,,,,,,,,,,,,,,,,,,,,,,,,,,,,,,,,,,,,,,,,,,,,,,,,,,,,,
scalability,N_5,3,periodic,2000,103.4375,222.0,9.225,45.0,1.0,8.2955,30.0,2.0,7.0775,28.0,3.0,6.2735,16.0,4.0,6.259,27.0,5.0,45.0,3.0,6.536666666666666,0.00011270449999999999,0.008144867955707014,,,,,,,,,,,,,,,,,,,,,,,,,,,,,,,,,,,,,,,,,,,,,,,,,,,,,,,,,,,,,,,,,,,,,,,,,,,,,,,,,,,,,,,,,,,,,,,,,,,,,,,,,,,,,,,,,,,,,,,,,,,,,,,,,,,,,,,
scalability,N_5,3,greedy,2000,68.0805,167.0,10.7645,31.0,1.0,6.0825,22.0,2.0,4.5345,14.0,3.0,3.7825,15.0,4.0,3.2835,13.0,5.0,31.0,3.0,3.8668333333333336,0.0007089020000000001,0.009309422923251987,,,,,,,,,,,,,,,,,,,,,,,,,,,,,,,,,,,,,,,,,,,,,,,,,,,,,,,,,,,,,,,,,,,,,,,,,,,,,,,,,,,,,,,,,,,,,,,,,,,,,,,,,,,,,,,,,,,,,,,,,,,,,,,,,,,,,,,
scalability,N_5,3,random,2000,124.4215,442.0,4.8475,27.0,1.0,6.4175,36.0,2.0,7.189,38.0,3.0,8.6655,62.0,4.0,10.102,68.0,5.0,68.0,3.0,8.652166666666666,0.0013536400000000001,0.010972933960147202,,,,,,,,,,,,,,,,,,,,,,,,,,,,,,,,,,,,,,,,,,,,,,,,,,,,,,,,,,,,,,,,,,,,,,,,,,,,,,,,,,,,,,,,,,,,,,,,,,,,,,,,,,,,,,,,,,,,,,,,,,,,,,,,,,,,,,,
scalability,N_5,4,whittle,2000,64.4005,181.0,6.155,20.0,1.0,4.783,17.0,2.0,4.086,15.0,3.0,4.0385,14.0,4.0,4.0535,16.0,5.0,20.0,3.0,4.059333333333334,0.0029069335,0.014562277006916702,,,,,,,,,,,,,,,,,,,,,,,,,,,,,,,,,,,,,,,,,,,,,,,,,,,,,,,,,,,,,,,,,,,,,,,,,,,,,,,,,,,,,,,,,,,,,,,,,,,,,,,,,,,,,,,,,,,,,,,,,,,,,,,,,,,,,,,
scalability,N_5,4,round_robin,2000,90.3925,245.0,3.6125,15.0,1.0,4.086,20.0,2.0,5.183,30.0,3.0,6.6835,30.0,4.0,7.265,40.0,5.0,40.0,3.0,6.377166666666667,0.000122902,0.008301937021315098,,,,,,,,,,,,,,,,,,,,,,,,,,,,,,,,,,,,,,,,,,,,,,,,,,,,,,,,,,,,,,,,,,,,,,,,,,,,,,,,,,,,,,,,,,,,,,,,,,,,,,,,,,,,,,,,,,,,,,,,,,,,,,,,,,,,,,,
scalability,N_5,4,periodic,2000,103.393,222.0,9.3375,30.0,1.0,7.7365,30.0,2.0,7.33,31.0,3.0,6.51,29.0,4.0,6.1105,27.0,5.0,31.0,3.0,6.650166666666666,0.00011715,0.008192282053641975,,,,,,,,,,,,,,,,,,,,,,,,,,,,,,,,,,,,,,,,,,,,,,,,,,,,,,,,,,,,,,,,,,,,,,,,,,,,,,,,,,,,,,,,,,,,,,,,,,,,,,,,,,,,,,,,,,,,,,,,,,,,,,,,,,,,,,,
scalability,N_5,4,greedy,2000,68.252,207.0,10.6135,39.0,1.0,6.242,26.0,2.0,4.6015,19.0,3.0,3.6675,15.0,4.0,3.336,14.0,5.0,39.0,3.0,3.8683333333333336,0.0007193194999999999,0.009505777969025075,,,,,,,,,,,,,,,,,,,,,,,,,,,,,,,,,,,,,,,,,,,,,,,,,,,,,,,,,,,,,,,,,,,,,,,,,,,,,,,,,,,,,,,,,,,,,,,,,,,,,,,,,,,,,,,,,,,,,,,,,,,,,,,,,,,,,,,
scalability,N_5,4,random,2000,121.0415,431.0,5.0595,25.0,1.0,5.5705,32.0,2.0,7.2995,36.0,3.0,8.225,48.0,4.0,10.0085,57.0,5.0,57.0,3.0,8.511000000000001,0.001335754,0.010871366946958005,,,,,,,,,,,,,,,,,,,,,,,,,,,,,,,,,,,,,,,,,,,,,,,,,,,,,,,,,,,,,,,,,,,,,,,,,,,,,,,,,,,,,,,,,,,,,,,,,,,,,,,,,,,,,,,,,,,,,,,,,,,,,,,,,,,,,,,
scalability,N_10,0,whittle,2000,240.23855555555556,582.1111111111111,16.4285,73.0,1.0,11.288,49.0,1.4444444444444444,9.3585,39.0,1.8888888888888888,8.0735,26.0,2.333333333333333,7.4455,24.0,2.7777777777777777,73.0,3.0,7.319799999999999,0.005097310000000001,0.022990514989942312,7.407,24.0,3.2222222222222223,7.3165,20.0,3.6666666666666665,7.326,26.0,4.111111111111111,7.3165,29.0,4.555555555555555,7.233,22.0,5.0,,,,,,,,,,,,,,,,,,,,,,,,,,,,,,,,,,,,,,,,,,,,,,,,,,,,,,,,,,,,,,,,,,,,,,,,,,,,,,,,,,,,,,,,,,,,,,,,,,,,,,,,,,,,,,,,,,,,,,,,
scalability,N_10,0,round_robin,2000,327.475,720.5555555555555,6.3,30.0,1.0,7.096,40.0,1.4444444444444444,7.443,40.0,1.8888888888888888,9.941,60.0,2.333333333333333,9.44,40.0,2.7777777777777777,80.0,3.0,11.843,0.000123174,0.011739526991732419,10.34,80.0,3.2222222222222223,10.441,50.0,3.6666666666666665,11.793,50.0,4.111111111111111,13.141,60.0,4.555555555555555,13.5,80.0,5.0,,,,,,,,,,,,,,,,,,,,,,,,,,,,,,,,,,,,,,,,,,,,,,,,,,,,,,,,,,,,,,,,,,,,,,,,,,,,,,,,,,,,,,,,,,,,,,,,,,,,,,,,,,,,,,,,,,,,,,,,
scalability,N_10,0,periodic,2000,450.36927777777777,757.0,19.5,90.0,1.0,23.541,120.0,1.4444444444444444,15.657,59.0,1.8888888888888888,16.124,59.0,2.333333333333333,15.0025,60.0,2.7777777777777777,120.0,3.0,14.109400000000003,0.0001254685,0.011677006026729941,15.765,61.0,3.2222222222222223,13.588,31.0,3.6666666666666665,14.0555,61.0,4.111111111111111,13.73,57.0,4.555555555555555,13.4085,33.0,5.0,,,,,,,,,,,,,,,,,,,,,,,,,,,,,,,,,,,,,,,,,,,,,,,,,,,,,,,,,,,,,,,,,,,,,,,,,,,,,,,,,,,,,,,,,,,,,,,,,,,,,,,,,,,,,,,,,,,,,,,,
scalability,N_10,0,greedy,2000,255.36611111111108,560.3333333333334,22.4845,66.0,1.0,15.836,50.0,1.4444444444444444,12.566,40.0,1.8888888888888888,10.6435,32.0,2.333333333333333,9.064,26.0,2.7777777777777777,66.0,3.0,6.7414000000000005,0.001091617,0.013510429998859763,8.0145,22.0,3.2222222222222223,7.083,22.0,3.6666666666666665,6.623,22.0,4.111111111111111,6.068,22.0,4.555555555555555,5.9185,19.0,5.0,,,,,,,,,,,,,,,,,,,,,,,,,,,,,,,,,,,,,,,,,,,,,,,,,,,,,,,,,,,,,,,,,,,,,,,,,,,,,,,,,,,,,,,,,,,,,,,,,,,,,,,,,,,,,,,,,,,,,,,,
scalability,N_10,0,random,2000,449.9048888888889,1003.2222222222222,10.949,54.0,1.0,12.367,63.0,1.4444444444444444,11.6355,59.0,1.8888888888888888,13.14,69.0,2.333333333333333,16.51,100.0,2.7777777777777777,100.0,3.0,15.5749,0.001399498,0.014239342999644578,14.8295,73.0,3.2222222222222223,16.0725,91.0,3.6666666666666665,14.014,74.0,4.111111111111111,14.69,67.0,4.555555555555555,18.2685,100.0,5.0,,,,,,,,,,,,,,,,,,,,,,,,,,,,,,,,,,,,,,,,,,,,,,,,,,,,,,,,,,,,,,,,,,,,,,,,,,,,,,,,,,,,,,,,,,,,,,,,,,,,,,,,,,,,,,,,,,,,,,,,
scalability,N_10,1,whittle,2000,233.7125,460.55555555555554,15.2875,61.0,1.0,10.7355,45.0,1.4444444444444444,8.8835,31.0,1.8888888888888888,7.7885,32.0,2.333333333333333,7.3555,28.0,2.7777777777777777,61.0,3.0,7.1812,0.005017382,0.02244355296716094,7.246,22.0,3.2222222222222223,7.188,20.0,3.6666666666666665,7.145,18.0,4.111111111111111,7.155,20.0,4.555555555555555,7.172,20.0,5.0,,,,,,,,,,,,,,,,,,,,,,,,,,,,,,,,,,,,,,,,,,,,,,,,,,,,,,,,,,,,,,,,,,,,,,,,,,,,,,,,,,,,,,,,,,,,,,,,,,,,,,,,,,,,,,,,,,,,,,,,
scalability,N_10,1,round_robin,2000,349.5205555555556,778.3333333333333,6.1,20.0,1.0,7.146,30.0,1.4444444444444444,7.593,40.0,1.8888888888888888,9.141,40.0,2.333333333333333,9.44,50.0,2.7777777777777777,90.0,3.0,12.873,0.000124697,0.011747999000363052,10.19,50.0,3.2222222222222223,10.891,40.0,3.6666666666666665,13.033,60.0,4.111111111111111,14.396,80.0,4.555555555555555,15.855,90.0,5.0,,,,,,,,,,,,,,,,,,,,,,,,,,,,,,,,,,,,,,,,,,,,,,,,,,,,,,,,,,,,,,,,,,,,,,,,,,,,,,,,,,,,,,,,,,,,,,,,,,,,,,,,,,,,,,,,,,,,,,,,
scalability,N_10,1,periodic,2000,449.8538888888889,674.4444444444445,19.05,60.0,1.0,25.176,150.0,1.4444444444444444,15.144,59.0,1.8888888888888888,16.169,60.0,2.333333333333333,15.5265,61.0,2.7777777777777777,150.0,3.0,14.0103,0.0001291215,0.011714492924511433,16.036,60.0,3.2222222222222223,13.959,57.0,3.6666666666666665,13.9335,32.0,4.111111111111111,12.9945,32.0,4.555555555555555,13.1285,32.0,5.0,,,,,,,,,,,,,,,,,,,,,,,,,,,,,,,,,,,,,,,,,,,,,,,,,,,,,,,,,,,,,,,,,,,,,,,,,,,,,,,,,,,,,,,,,,,,,,,,,,,,,,,,,,,,,,,,,,,,,,,,
scalability,N_10,1,greedy,2000,253.04005555555557,517.1111111111111,21.6445,56.0,1.0,15.812,45.0,1.4444444444444444,12.8885,37.0,1.8888888888888888,10.543,27.0,2.333333333333333,8.8505,23.0,2.7777777777777777,56.0,3.0,6.6732,0.0010954114999999999,0.013857843005098403,7.917,24.0,3.2222222222222223,6.999,19.0,3.6666666666666665,6.4165,18.0,4.111111111111111,6.061,18.0,4.555555555555555,5.9725,17.0,5.0,,,,,,,,,,,,,,,,,,,,,,,,,,,,,,,,,,,,,,,,,,,,,,,,,,,,,,,,,,,,,,,,,,,,,,,,,,,,,,,,,,,,,,,,,,,,,,,,,,,,,,,,,,,,,,,,,,,,,,,,
scalability,N_10,1,random,2000,489.12316666666663,1312.7777777777778,12.437,82.0,1.0,10.203,59.0,1.4444444444444444,12.113,65.0,1.8888888888888888,13.108,95.0,2.333333333333333,12.795,53.0,2.7777777777777777,155.0,3.0,17.4357,0.0013757090000000001,0.014236779999919236,12.5435,67.0,3.2222222222222223,13.8045,66.0,3.6666666666666665,14.4635,61.0,4.111111111111111,21.1255,98.0,4.555555555555555,25.2415,155.0,5.0,,,,,,,,,,,,,,,,,,,,,,,,,,,,,,,,,,,,,,,,,,,,,,,,,,,,,,,,,,,,,,,,,,,,,,,,,,,,,,,,,,,,,,,,,,,,,,,,,,,,,,,,,,,,,,,,,,,,,,,,
scalability,N_10,2,whittle,2000,237.10577777777777,445.1111111111111,17.8015,73.0,1.0,10.973,41.0,1.4444444444444444,9.002,33.0,1.8888888888888888,7.806,24.0,2.333333333333333,7.3605,25.0,2.7777777777777777,73.0,3.0,7.194600000000001,0.005023375,0.02242873003706336,7.2405,20.0,3.2222222222222223,7.2225,22.0,3.6666666666666665,7.182,20.0,4.111111111111111,7.1735,20.0,4.555555555555555,7.1545,19.0,5.0,,,,,,,,,,,,,,,,,,,,,,,,,,,,,,,,,,,,,,,,,,,,,,,,,,,,,,,,,,,,,,,,,,,,,,,,,,,,,,,,,,,,,,,,,,,,,,,,,,,,,,,,,,,,,,,,,,,,,,,,
scalability,N_10,2,round_robin,2000,318.28777777777776,678.3333333333333,6.4,30.0,1.0,7.391,30.0,1.4444444444444444,7.358,30.0,1.8888888888888888,9.541,60.0,2.333333333333333,8.815,40.0,2.7777777777777777,60.0,3.0,11.557,0.0001273705,0.011818374041467905,10.14,50.0,3.2222222222222223,11.691,60.0,3.6666666666666665,10.683,50.0,4.111111111111111,11.811,50.0,4.555555555555555,13.46,60.0,5.0,,,,,,,,,,,,,,,,,,,,,,,,,,,,,,,,,,,,,,,,,,,,,,,,,,,,,,,,,,,,,,,,,,,,,,,,,,,,,,,,,,,,,,,,,,,,,,,,,,,,,,,,,,,,,,,,,,,,,,,,
scalability,N_10,2,periodic,2000,449.24561111111115,695.7777777777777,18.15,60.0,1.0,19.491,90.0,1.4444444444444444,16.1085,59.0,1.8888888888888888,16.6645,61.0,2.333333333333333,14.5425,58.0,2.7777777777777777,90.0,3.0,14.331599999999998,0.000123394,0.01147167303133756,15.4635,59.0,3.2222222222222223,14.0895,57.0,3.6666666666666665,14.434,57.0,4.111111111111111,13.383,57.0,4.555555555555555,14.288,57.0,5.0,,,,,,,,,,,,,,,,,,,,,,,,,,,,,,,,,,,,,,,,,,,,,,,,,,,,,,,,,,,,,,,,,,,,,,,,,,,,,,,,,,,,,,,,,,,,,,,,,,,,,,,,,,,,,,,,,,,,,,,,
scalability,N_10,2,greedy,2000,247.31755555555557,482.66666666666663,20.955,62.0,1.0,15.8025,48.0,1.4444444444444444,12.2025,36.0,1.8888888888888888,10.2175,29.0,2.333333333333333,8.738,26.0,2.7777777777777777,62.0,3.0,6.5541,0.0010857570000000001,0.013463146053254604,7.8895,24.0,3.2222222222222223,6.897,24.0,3.6666666666666665,6.3135,20.0,4.111111111111111,5.9495,19.0,4.555555555555555,5.721,17.0,5.0,,,,,,,,,,,,,,,,,,,,,,,,,,,,,,,,,,,,,,,,,,,,,,,,,,,,,,,,,,,,,,,,,,,,,,,,,,,,,,,,,,,,,,,,,,,,,,,,,,,,,,,,,,,,,,,,,,,,,,,,
scalability,N_10,2,random,2000,485.46127777777775,1104.4444444444443,10.6725,63.0,1.0,12.0655,56.0,1.4444444444444444,11.523,65.0,1.8888888888888888,13.02,57.0,2.333333333333333,11.4495,61.0,2.7777777777777777,134.0,3.0,17.7034,0.0013909545,0.014210514025762677,14.8015,67.0,3.2222222222222223,13.1945,71.0,3.6666666666666665,17.2905,100.0,4.111111111111111,22.271,134.0,4.555555555555555,20.9595,105.0,5.0,,,,,,,,,,,,,,,,,,,,,,,,,,,,,,,,,,,,,,,,,,,,,,,,,,,,,,,,,,,,,,,,,,,,,,,,,,,,,,,,,,,,,,,,,,,,,,,,,,,,,,,,,,,,,,,,,,,,,,,,
scalability,N_10,3,whittle,2000,241.41933333333333,581.3333333333333,17.9875,104.0,1.0,10.6555,37.0,1.4444444444444444,9.055,36.0,1.8888888888888888,7.955,27.0,2.333333333333333,7.5345,26.0,2.7777777777777777,104.0,3.0,7.370099999999999,0.0049824505,0.022330438951030374,7.416,20.0,3.2222222222222223,7.395,21.0,3.6666666666666665,7.321,19.0,4.111111111111111,7.324,22.0,4.555555555555555,7.3945,22.0,5.0,,,,,,,,,,,,,,,,,,,,,,,,,,,,,,,,,,,,,,,,,,,,,,,,,,,,,,,,,,,,,,,,,,,,,,,,,,,,,,,,,,,,,,,,,,,,,,,,,,,,,,,,,,,,,,,,,,,,,,,,
scalability,N_10,3,round_robin,2000,340.8383333333333,703.8888888888889,6.25,30.0,1.0,7.196,40.0,1.4444444444444444,7.843,40.0,1.8888888888888888,8.641,50.0,2.333333333333333,8.94,50.0,2.7777777777777777,70.0,3.0,12.523000000000001,0.000126723,0.011668629013001919,8.84,30.0,3.2222222222222223,12.391,60.0,3.6666666666666665,11.438,50.0,4.111111111111111,14.146,70.0,4.555555555555555,15.8,70.0,5.0,,,,,,,,,,,,,,,,,,,,,,,,,,,,,,,,,,,,,,,,,,,,,,,,,,,,,,,,,,,,,,,,,,,,,,,,,,,,,,,,,,,,,,,,,,,,,,,,,,,,,,,,,,,,,,,,,,,,,,,,
scalability,N_10,3,periodic,2000,461.3273333333333,963.5555555555555,19.95,90.0,1.0,20.226,90.0,1.4444444444444444,16.1585,89.0,1.8888888888888888,20.702,149.0,2.333333333333333,14.485,59.0,2.7777777777777777,149.0,3.0,14.2981,0.00012349949999999999,0.011570179020054638,14.882,61.0,3.2222222222222223,14.4205,58.0,3.6666666666666665,14.1025,62.0,4.111111111111111,13.7995,56.0,4.555555555555555,14.286,61.0,5.0,,,,,,,,,,,,,,,,,,,,,,,,,,,,,,,,,,,,,,,,,,,,,,,,,,,,,,,,,,,,,,,,,,,,,,,,,,,,,,,,,,,,,,,,,,,,,,,,,,,,,,,,,,,,,,,,,,,,,,,,
scalability,N_10,3,greedy,2000,253.16588888888887,598.0,21.145,66.0,1.0,15.46,42.0,1.4444444444444444,12.732,36.0,1.8888888888888888,10.803,35.0,2.333333333333333,9.23,31.0,2.7777777777777777,66.0,3.0,6.6701999999999995,0.0010912225000000002,0.0136294070398435,7.895,27.0,3.2222222222222223,7.0975,25.0,3.6666666666666665,6.5415,20.0,4.111111111111111,5.9555,18.0,4.555555555555555,5.8615,19.0,5.0,,,,,,,,,,,,,,,,,,,,,,,,,,,,,,,,,,,,,,,,,,,,,,,,,,,,,,,,,,,,,,,,,,,,,,,,,,,,,,,,,,,,,,,,,,,,,,,,,,,,,,,,,,,,,,,,,,,,,,,,
scalability,N_10,3,random,2000,463.0168333333333,1063.2222222222222,11.7275,60.0,1.0,12.7555,70.0,1.4444444444444444,11.4235,58.0,1.8888888888888888,10.1945,45.0,2.333333333333333,15.9735,90.0,2.7777777777777777,99.0,3.0,16.3914,0.0013746455,0.014214119059033692,13.4335,68.0,3.2222222222222223,14.092,75.0,3.6666666666666665,18.377,84.0,4.111111111111111,17.212,74.0,4.555555555555555,18.8425,99.0,5.0,,,,,,,,,,,,,,,,,,,,,,,,,,,,,,,,,,,,,,,,,,,,,,,,,,,,,,,,,,,,,,,,,,,,,,,,,,,,,,,,,,,,,,,,,,,,,,,,,,,,,,,,,,,,,,,,,,,,,,,,
scalability,N_10,4,whittle,2000,240.1783333333333,526.0,15.8505,59.0,1.0,11.205,61.0,1.4444444444444444,9.314,37.0,1.8888888888888888,8.397,33.0,2.333333333333333,7.5555,31.0,2.7777777777777777,61.0,3.0,7.3026,0.005053739,0.022512405063025653,7.3965,22.0,3.2222222222222223,7.2965,20.0,3.6666666666666665,7.298,24.0,4.111111111111111,7.269,19.0,4.555555555555555,7.253,20.0,5.0,,,,,,,,,,,,,,,,,,,,,,,,,,,,,,,,,,,,,,,,,,,,,,,,,,,,,,,,,,,,,,,,,,,,,,,,,,,,,,,,,,,,,,,,,,,,,,,,,,,,,,,,,,,,,,,,,,,,,,,,
scalability,N_10,4,round_robin,2000,333.75888888888886,759.4444444444445,6.55,30.0,1.0,7.141,30.0,1.4444444444444444,7.243,30.0,1.8888888888888888,7.691,40.0,2.333333333333333,9.14,60.0,2.7777777777777777,100.0,3.0,12.357,0.0001236065,0.011757700005546212,10.465,50.0,3.2222222222222223,10.311,50.0,3.6666666666666665,11.508,50.0,4.111111111111111,14.546,100.0,4.555555555555555,14.955,70.0,5.0,,,,,,,,,,,,,,,,,,,,,,,,,,,,,,,,,,,,,,,,,,,,,,,,,,,,,,,,,,,,,,,,,,,,,,,,,,,,,,,,,,,,,,,,,,,,,,,,,,,,,,,,,,,,,,,,,,,,,,,,
scalability,N_10,4,periodic,2000,440.8429444444444,704.7777777777777,17.55,60.0,1.0,18.141,60.0,1.4444444444444444,15.73,60.0,1.8888888888888888,16.9935,60.0,2.333333333333333,14.597,58.0,2.7777777777777777,60.0,3.0,14.046199999999999,0.0001298295,0.011744339019060135,15.182,58.0,3.2222222222222223,14.207,60.0,3.6666666666666665,13.706,32.0,4.111111111111111,13.1865,32.0,4.555555555555555,13.9495,57.0,5.0,,,,,,,,,,,,,,,,,,,,,,,,,,,,,,,,,,,,,,,,,,,,,,,,,,,,,,,,,,,,,,,,,,,,,,,,,,,,,,,,,,,,,,,,,,,,,,,,,,,,,,,,,,,,,,,,,,,,,,,,
scalability,N_10,4,greedy,2000,252.73222222222222,590.7777777777777,22.493,67.0,1.0,15.392,44.0,1.4444444444444444,12.44,37.0,1.8888888888888888,10.697,36.0,2.333333333333333,9.122,32.0,2.7777777777777777,67.0,3.0,6.643600000000001,0.0010997855,0.013660639990121126,7.984,29.0,3.2222222222222223,7.043,24.0,3.6666666666666665,6.3395,20.0,4.111111111111111,5.986,22.0,4.555555555555555,5.8655,19.0,5.0,,,,,,,,,,,,,,,,,,,,,,,,,,,,,,,,,,,,,,,,,,,,,,,,,,,,,,,,,,,,,,,,,,,,,,,,,,,,,,,,,,,,,,,,,,,,,,,,,,,,,,,,,,,,,,,,,,,,,,,,
scalability,N_10,4,random,2000,472.2597222222222,1081.888888888889,9.983,50.0,1.0,10.8315,67.0,1.4444444444444444,12.5045,61.0,1.8888888888888888,13.2565,61.0,2.333333333333333,12.692,67.0,2.7777777777777777,127.0,3.0,16.8748,0.00139549,0.01440696103964001,14.118,71.0,3.2222222222222223,14.0375,79.0,3.6666666666666665,15.327,89.0,4.111111111111111,17.1145,87.0,4.555555555555555,23.777,127.0,5.0,,,,,,,,,,,,,,,,,,,,,,,,,,,,,,,,,,,,,,,,,,,,,,,,,,,,,,,,,,,,,,,,,,,,,,,,,,,,,,,,,,,,,,,,,,,,,,,,,,,,,,,,,,,,,,,,,,,,,,,,
scalability,N_20,0,whittle,2000,8802.67586842105,17507.263157894737,1001.5,2001.0,1.0,1001.5,2001.0,1.2105263157894737,1001.5,2001.0,1.4210526315789473,1001.5,2001.0,1.631578947368421,1001.5,2001.0,1.8421052631578947,2001.0,3.0,10.7822,0.0090140975,0.03743237105663866,314.541,894.0,2.052631578947368,139.0425,466.0,2.263157894736842,59.671,267.0,2.473684210526316,37.2185,242.0,2.6842105263157894,17.1675,62.0,2.894736842105263,14.1545,49.0,3.1052631578947367,12.767,50.0,3.3157894736842106,11.465,39.0,3.526315789473684,10.435,30.0,3.7368421052631575,10.1735,33.0,3.9473684210526314,9.9765,25.0,4.157894736842105,9.8425,28.0,4.368421052631579,9.739,24.0,4.578947368421052,9.7215,25.0,4.789473684210526,9.5475,22.0,5.0,,,,,,,,,,,,,,,,,,,,,,,,,,,,,,,,,,,,,,,,,,,,,,,,,,,,,,,,,,,,,,,,,,,,,,,,,,,,,,,,,,,,,,,,,,
scalability,N_20,0,round_robin,2000,1318.875789473684,2270.0,12.3,40.0,1.0,13.091,60.0,1.2105263157894737,14.083,60.0,1.4210526315789473,15.676,80.0,1.631578947368421,13.63,60.0,1.8421052631578947,160.0,3.0,24.1935,0.0001287625,0.018058787914924324,17.265,100.0,2.052631578947368,15.061,60.0,2.263157894736842,19.388,80.0,2.473684210526316,17.236,60.0,2.6842105263157894,19.555,80.0,2.894736842105263,19.565,80.0,3.1052631578947367,20.456,80.0,3.3157894736842106,22.058,100.0,3.526315789473684,22.531,80.0,3.7368421052631575,23.465,140.0,3.9473684210526314,25.27,140.0,4.157894736842105,22.316,80.0,4.368421052631579,27.643,100.0,4.578947368421052,27.531,160.0,4.789473684210526,31.1,120.0,5.0,,,,,,,,,,,,,,,,,,,,,,,,,,,,,,,,,,,,,,,,,,,,,,,,,,,,,,,,,,,,,,,,,,,,,,,,,,,,,,,,,,,,,,,,,,
scalability,N_20,0,periodic,2000,1923.3651578947365,2603.2631578947367,48.9,180.0,1.0,48.291,180.0,1.2105263157894737,48.283,180.0,1.4210526315789473,33.1295,119.0,1.631578947368421,33.068,120.0,1.8421052631578947,180.0,3.0,30.324599999999997,0.0001301545,0.01787303003948182,38.542,179.0,2.052631578947368,35.4185,119.0,2.263157894736842,33.322,120.0,2.473684210526316,29.1215,62.0,2.6842105263157894,29.1045,61.0,2.894736842105263,32.736,119.0,3.1052631578947367,28.9275,60.0,3.3157894736842106,28.032,59.0,3.526315789473684,33.8025,177.0,3.7368421052631575,28.525,61.0,3.9473684210526314,30.1735,117.0,4.157894736842105,30.1875,118.0,4.368421052631579,29.573,116.0,4.578947368421052,29.5075,120.0,4.789473684210526,31.7815,119.0,5.0,,,,,,,,,,,,,,,,,,,,,,,,,,,,,,,,,,,,,,,,,,,,,,,,,,,,,,,,,,,,,,,,,,,,,,,,,,,,,,,,,,,,,,,,,,
scalability,N_20,0,greedy,2000,995.0649473684209,1564.2105263157894,44.425,115.0,1.0,37.6765,90.0,1.2105263157894737,33.5095,84.0,1.4210526315789473,29.2015,74.0,1.631578947368421,25.698,74.0,1.8421052631578947,115.0,3.0,12.975100000000001,0.0017192935,0.02112085500266403,23.3515,60.0,2.052631578947368,22.13,56.0,2.263157894736842,19.905,49.0,2.473684210526316,18.476,46.0,2.6842105263157894,17.066,46.0,2.894736842105263,15.987,41.0,3.1052631578947367,14.9315,39.0,3.3157894736842106,14.5805,38.0,3.526315789473684,13.4705,35.0,3.7368421052631575,12.9765,35.0,3.9473684210526314,12.33,32.0,4.157894736842105,11.748,30.0,4.368421052631579,11.4445,29.0,4.578947368421052,11.1725,30.0,4.789473684210526,11.11,29.0,5.0,,,,,,,,,,,,,,,,,,,,,,,,,,,,,,,,,,,,,,,,,,,,,,,,,,,,,,,,,,,,,,,,,,,,,,,,,,,,,,,,,,,,,,,,,,
scalability,N_20,0,random,2000,1858.8189473684208,2838.3684210526317,16.808,72.0,1.0,19.8005,95.0,1.2105263157894737,20.718,83.0,1.4210526315789473,19.3045,82.0,1.631578947368421,18.317,78.0,1.8421052631578947,197.0,3.0,33.83015,0.0014300495,0.020639316993765533,26.7395,113.0,2.052631578947368,22.287,111.0,2.263157894736842,30.2765,149.0,2.473684210526316,29.0025,137.0,2.6842105263157894,28.779,133.0,2.894736842105263,30.9025,140.0,3.1052631578947367,37.181,148.0,3.3157894736842106,27.174,131.0,3.526315789473684,33.2035,133.0,3.7368421052631575,29.4845,113.0,3.9473684210526314,31.213,165.0,4.157894736842105,44.34,197.0,4.368421052631579,34.6025,173.0,4.578947368421052,30.72,150.0,4.789473684210526,39.4805,182.0,5.0,,,,,,,,,,,,,,,,,,,,,,,,,,,,,,,,,,,,,,,,,,,,,,,,,,,,,,,,,,,,,,,,,,,,,,,,,,,,,,,,,,,,,,,,,,
scalability,N_20,1,whittle,2000,7973.2085,16123.421052631578,1001.5,2001.0,1.0,1001.5,2001.0,1.2105263157894737,1001.5,2001.0,1.4210526315789473,1001.5,2001.0,1.631578947368421,621.9825,1543.0,1.8421052631578947,2001.0,3.0,10.3929,0.009303028,0.0383974639698863,358.704,1032.0,2.052631578947368,89.961,372.0,2.263157894736842,37.504,159.0,2.473684210526316,22.236,94.0,2.6842105263157894,16.706,74.0,2.894736842105263,12.974,44.0,3.1052631578947367,11.5305,37.0,3.3157894736842106,10.6945,34.0,3.526315789473684,10.434,39.0,3.7368421052631575,10.0495,39.0,3.9473684210526314,9.744,28.0,4.157894736842105,9.718,30.0,4.368421052631579,9.6695,26.0,4.578947368421052,9.5615,26.0,4.789473684210526,9.5535,25.0,5.0,,,,,,,,,,,,,,,,,,,,,,,,,,,,,,,,,,,,,,,,,,,,,,,,,,,,,,,,,,,,,,,,,,,,,,,,,,,,,,,,,,,,,,,,,,
scalability,N_20,1,round_robin,2000,1270.7215789473682,2312.1052631578946,12.5,60.0,1.0,13.491,60.0,1.2105263157894737,13.313,60.0,1.4210526315789473,13.676,60.0,1.631578947368421,16.67,100.0,1.8421052631578947,180.0,3.0,23.506500000000003,0.0001376915,0.01846934505738318,14.465,60.0,2.052631578947368,14.331,60.0,2.263157894736842,21.058,80.0,2.473684210526316,18.056,80.0,2.6842105263157894,16.165,60.0,2.894736842105263,19.655,80.0,3.1052631578947367,25.456,120.0,3.3157894736842106,17.658,100.0,3.526315789473684,31.061,180.0,3.7368421052631575,22.865,100.0,3.9473684210526314,21.12,100.0,4.157894736842105,18.816,80.0,4.368421052631579,23.243,80.0,4.578947368421052,28.281,120.0,4.789473684210526,26.91,120.0,5.0,,,,,,,,,,,,,,,,,,,,,,,,,,,,,,,,,,,,,,,,,,,,,,,,,,,,,,,,,,,,,,,,,,,,,,,,,,,,,,,,,,,,,,,,,,
scalability,N_20,1,periodic,2000,1798.9203421052632,2268.2631578947367,33.9,120.0,1.0,35.691,120.0,1.2105263157894737,39.373,120.0,1.4210526315789473,31.4185,119.0,1.631578947368421,29.698,61.0,1.8421052631578947,120.0,3.0,28.87405,0.000138727,0.017904935055412352,33.202,119.0,2.052631578947368,33.23,119.0,2.263157894736842,33.266,120.0,2.473684210526316,30.653,118.0,2.6842105263157894,29.4495,78.0,2.894736842105263,30.609,118.0,3.1052631578947367,30.8255,119.0,3.3157894736842106,28.1135,60.0,3.526315789473684,28.3315,62.0,3.7368421052631575,28.02,59.0,3.9473684210526314,28.439,61.0,4.157894736842105,28.413,60.0,4.368421052631579,29.8235,119.0,4.578947368421052,28.0455,61.0,4.789473684210526,28.12,61.0,5.0,,,,,,,,,,,,,,,,,,,,,,,,,,,,,,,,,,,,,,,,,,,,,,,,,,,,,,,,,,,,,,,,,,,,,,,,,,,,,,,,,,,,,,,,,,
scalability,N_20,1,greedy,2000,966.5553421052631,1480.4736842105262,44.648,113.0,1.0,38.0685,96.0,1.2105263157894737,31.5625,83.0,1.4210526315789473,27.9255,69.0,1.631578947368421,25.5965,69.0,1.8421052631578947,113.0,3.0,12.5381,0.001699577,0.021036587073467672,22.3705,66.0,2.052631578947368,21.1335,50.0,2.263157894736842,19.5475,53.0,2.473684210526316,18.2085,46.0,2.6842105263157894,16.8665,46.0,2.894736842105263,15.6195,42.0,3.1052631578947367,14.5675,39.0,3.3157894736842106,13.787,38.0,3.526315789473684,13.3385,35.0,3.7368421052631575,12.421,33.0,3.9473684210526314,11.8955,31.0,4.157894736842105,11.3585,28.0,4.368421052631579,10.9705,31.0,4.578947368421052,10.766,30.0,4.789473684210526,10.657,28.0,5.0,,,,,,,,,,,,,,,,,,,,,,,,,,,,,,,,,,,,,,,,,,,,,,,,,,,,,,,,,,,,,,,,,,,,,,,,,,,,,,,,,,,,,,,,,,
scalability,N_20,1,random,2000,1804.879736842105,2963.7894736842104,32.8405,174.0,1.0,25.651,125.0,1.2105263157894737,24.0805,97.0,1.4210526315789473,26.741,120.0,1.631578947368421,21.798,146.0,1.8421052631578947,217.0,3.0,32.2695,0.0014270685,0.021471746964380145,24.6015,90.0,2.052631578947368,17.9245,72.0,2.263157894736842,19.9335,111.0,2.473684210526316,22.377,127.0,2.6842105263157894,30.2525,140.0,2.894736842105263,27.289,115.0,3.1052631578947367,28.1,142.0,3.3157894736842106,21.8475,83.0,3.526315789473684,30.522,127.0,3.7368421052631575,34.1115,166.0,3.9473684210526314,32.9275,148.0,4.157894736842105,36.8285,158.0,4.368421052631579,33.8615,217.0,4.578947368421052,35.9405,141.0,4.789473684210526,41.267,179.0,5.0,,,,,,,,,,,,,,,,,,,,,,,,,,,,,,,,,,,,,,,,,,,,,,,,,,,,,,,,,,,,,,,,,,,,,,,,,,,,,,,,,,,,,,,,,,
scalability,N_20,2,whittle,2000,8674.02655263158,15854.0,1001.5,2001.0,1.0,1001.5,2001.0,1.2105263157894737,1001.5,2001.0,1.4210526315789473,1001.5,2001.0,1.631578947368421,1001.5,2001.0,1.8421052631578947,2001.0,3.0,10.6418,0.009060277,0.03745136107318103,354.2775,1086.0,2.052631578947368,71.169,218.0,2.263157894736842,45.686,219.0,2.473684210526316,30.39,214.0,2.6842105263157894,17.535,90.0,2.894736842105263,13.736,50.0,3.1052631578947367,12.082,45.0,3.3157894736842106,10.967,36.0,3.526315789473684,10.744,35.0,3.7368421052631575,10.283,33.0,3.9473684210526314,9.892,34.0,4.157894736842105,9.899,30.0,4.368421052631579,9.667,25.0,4.578947368421052,9.561,24.0,4.789473684210526,9.587,30.0,5.0,,,,,,,,,,,,,,,,,,,,,,,,,,,,,,,,,,,,,,,,,,,,,,,,,,,,,,,,,,,,,,,,,,,,,,,,,,,,,,,,,,,,,,,,,,
scalability,N_20,2,round_robin,2000,1255.0621052631577,2043.6842105263158,11.9,40.0,1.0,13.491,80.0,1.2105263157894737,15.283,60.0,1.4210526315789473,17.876,120.0,1.631578947368421,15.67,60.0,1.8421052631578947,140.0,3.0,22.6975,0.0001315555,0.018368426943197846,15.865,80.0,2.052631578947368,16.461,80.0,2.263157894736842,17.668,80.0,2.473684210526316,19.236,80.0,2.6842105263157894,16.455,60.0,2.894736842105263,22.055,100.0,3.1052631578947367,18.346,100.0,3.3157894736842106,22.658,100.0,3.526315789473684,20.861,120.0,3.7368421052631575,19.265,100.0,3.9473684210526314,20.44,80.0,4.157894736842105,21.666,100.0,4.368421052631579,25.273,100.0,4.578947368421052,30.111,140.0,4.789473684210526,26.3,140.0,5.0,,,,,,,,,,,,,,,,,,,,,,,,,,,,,,,,,,,,,,,,,,,,,,,,,,,,,,,,,,,,,,,,,,,,,,,,,,,,,,,,,,,,,,,,,,
scalability,N_20,2,periodic,2000,1874.6376052631576,2676.4210526315787,35.7,120.0,1.0,39.861,180.0,1.2105263157894737,35.683,120.0,1.4210526315789473,33.2185,120.0,1.631578947368421,31.469,119.0,1.8421052631578947,180.0,3.0,30.569950000000006,0.000139948,0.018885800964199007,34.972,119.0,2.052631578947368,33.1415,119.0,2.263157894736842,29.7525,61.0,2.473684210526316,32.39,118.0,2.6842105263157894,29.1365,61.0,2.894736842105263,30.6965,118.0,3.1052631578947367,30.847,119.0,3.3157894736842106,31.8485,118.0,3.526315789473684,31.61,118.0,3.7368421052631575,30.041,117.0,3.9473684210526314,28.354,61.0,4.157894736842105,30.15,121.0,4.368421052631579,34.7405,117.0,4.578947368421052,29.511,120.0,4.789473684210526,27.901,62.0,5.0,,,,,,,,,,,,,,,,,,,,,,,,,,,,,,,,,,,,,,,,,,,,,,,,,,,,,,,,,,,,,,,,,,,,,,,,,,,,,,,,,,,,,,,,,,
scalability,N_20,2,greedy,2000,979.2462105263157,1557.0526315789473,44.841,113.0,1.0,37.1335,97.0,1.2105263157894737,32.61,80.0,1.4210526315789473,28.6675,78.0,1.631578947368421,25.017,71.0,1.8421052631578947,113.0,3.0,12.723700000000001,0.0017654894999999998,0.022496817051433027,23.546,68.0,2.052631578947368,21.57,55.0,2.263157894736842,19.807,58.0,2.473684210526316,18.312,48.0,2.6842105263157894,16.897,51.0,2.894736842105263,15.7915,41.0,3.1052631578947367,14.6665,40.0,3.3157894736842106,14.016,37.0,3.526315789473684,13.3775,38.0,3.7368421052631575,12.725,34.0,3.9473684210526314,12.2355,36.0,4.157894736842105,11.456,31.0,4.368421052631579,11.1525,31.0,4.578947368421052,11.0835,29.0,4.789473684210526,10.733,33.0,5.0,,,,,,,,,,,,,,,,,,,,,,,,,,,,,,,,,,,,,,,,,,,,,,,,,,,,,,,,,,,,,,,,,,,,,,,,,,,,,,,,,,,,,,,,,,
scalability,N_20,2,random,2000,1913.0092894736842,3781.9473684210525,20.564,130.0,1.0,26.7825,134.0,1.2105263157894737,21.6115,111.0,1.4210526315789473,24.042,129.0,1.631578947368421,23.078,98.0,1.8421052631578947,285.0,3.0,33.59715,0.001439645,0.021414711023680866,25.6195,139.0,2.052631578947368,25.5075,135.0,2.263157894736842,35.519,157.0,2.473684210526316,25.7085,124.0,2.6842105263157894,31.1215,108.0,2.894736842105263,32.688,182.0,3.1052631578947367,31.2195,144.0,3.3157894736842106,17.9325,72.0,3.526315789473684,29.1365,145.0,3.7368421052631575,35.3335,186.0,3.9473684210526314,32.308,153.0,4.157894736842105,42.772,266.0,4.368421052631579,30.6025,129.0,4.578947368421052,35.676,162.0,4.789473684210526,48.303,285.0,5.0,,,,,,,,,,,,,,,,,,,,,,,,,,,,,,,,,,,,,,,,,,,,,,,,,,,,,,,,,,,,,,,,,,,,,,,,,,,,,,,,,,,,,,,,,,
scalability,N_20,3,whittle,2000,8498.083605263158,17125.684210526317,1001.5,2001.0,1.0,1001.5,2001.0,1.2105263157894737,1001.5,2001.0,1.4210526315789473,1001.5,2001.0,1.631578947368421,1001.5,2001.0,1.8421052631578947,2001.0,3.0,10.518249999999998,0.0090480355,0.03734925400931388,288.7665,989.0,2.052631578947368,74.278,303.0,2.263157894736842,35.0215,151.0,2.473684210526316,24.3065,136.0,2.6842105263157894,17.2265,91.0,2.894736842105263,13.7625,70.0,3.1052631578947367,11.761,41.0,3.3157894736842106,11.123,47.0,3.526315789473684,10.3655,31.0,3.7368421052631575,9.9245,30.0,3.9473684210526314,9.785,27.0,4.157894736842105,9.78,26.0,4.368421052631579,9.7405,27.0,4.578947368421052,9.461,24.0,4.789473684210526,9.4795,23.0,5.0,,,,,,,,,,,,,,,,,,,,,,,,,,,,,,,,,,,,,,,,,,,,,,,,,,,,,,,,,,,,,,,,,,,,,,,,,,,,,,,,,,,,,,,,,,
scalability,N_20,3,round_robin,2000,1245.971052631579,2640.5263157894733,12.9,60.0,1.0,13.291,60.0,1.2105263157894737,13.883,60.0,1.4210526315789473,15.476,80.0,1.631578947368421,15.67,80.0,1.8421052631578947,120.0,3.0,22.692500000000003,0.000127089,0.018340450944378972,15.065,60.0,2.052631578947368,17.201,80.0,2.263157894736842,19.188,120.0,2.473684210526316,17.036,60.0,2.6842105263157894,17.855,100.0,2.894736842105263,19.265,80.0,3.1052631578947367,22.456,100.0,3.3157894736842106,22.738,100.0,3.526315789473684,19.061,80.0,3.7368421052631575,22.105,120.0,3.9473684210526314,24.92,100.0,4.157894736842105,23.486,100.0,4.368421052631579,23.713,120.0,4.578947368421052,24.881,120.0,4.789473684210526,24.3,100.0,5.0,,,,,,,,,,,,,,,,,,,,,,,,,,,,,,,,,,,,,,,,,,,,,,,,,,,,,,,,,,,,,,,,,,,,,,,,,,,,,,,,,,,,,,,,,,
scalability,N_20,3,periodic,2000,1851.0463157894737,2708.2105263157896,37.5,120.0,1.0,35.691,120.0,1.2105263157894737,44.683,180.0,1.4210526315789473,29.442,60.0,1.631578947368421,33.269,120.0,1.8421052631578947,180.0,3.0,29.872899999999998,0.000136692,0.018067653058096766,29.6625,61.0,2.052631578947368,33.29,119.0,2.263157894736842,35.032,120.0,2.473684210526316,30.565,118.0,2.6842105263157894,30.9025,119.0,2.894736842105263,32.7095,120.0,3.1052631578947367,30.581,118.0,3.3157894736842106,31.9695,118.0,3.526315789473684,28.297,60.0,3.7368421052631575,30.179,117.0,3.9473684210526314,30.4315,120.0,4.157894736842105,30.174,117.0,4.368421052631579,27.379,60.0,4.578947368421052,29.3945,118.0,4.789473684210526,27.614,61.0,5.0,,,,,,,,,,,,,,,,,,,,,,,,,,,,,,,,,,,,,,,,,,,,,,,,,,,,,,,,,,,,,,,,,,,,,,,,,,,,,,,,,,,,,,,,,,
scalability,N_20,3,greedy,2000,970.8682105263157,1694.157894736842,46.771,121.0,1.0,37.8675,92.0,1.2105263157894737,32.4545,85.0,1.4210526315789473,28.3245,78.0,1.631578947368421,25.253,64.0,1.8421052631578947,121.0,3.0,12.633149999999999,0.001697644,0.021024998044595122,22.8175,62.0,2.052631578947368,20.9395,54.0,2.263157894736842,19.123,50.0,2.473684210526316,17.9285,51.0,2.6842105263157894,16.4295,43.0,2.894736842105263,15.715,41.0,3.1052631578947367,14.9395,41.0,3.3157894736842106,13.882,39.0,3.526315789473684,13.1535,37.0,3.7368421052631575,12.4805,33.0,3.9473684210526314,11.9735,34.0,4.157894736842105,11.516,29.0,4.368421052631579,11.1165,29.0,4.578947368421052,10.832,29.0,4.789473684210526,10.723,31.0,5.0,,,,,,,,,,,,,,,,,,,,,,,,,,,,,,,,,,,,,,,,,,,,,,,,,,,,,,,,,,,,,,,,,,,,,,,,,,,,,,,,,,,,,,,,,,
scalability,N_20,3,random,2000,1862.672763157895,3157.4736842105262,20.727,82.0,1.0,29.8855,170.0,1.2105263157894737,22.8245,111.0,1.4210526315789473,21.577,95.0,1.631578947368421,25.8115,126.0,1.8421052631578947,202.0,3.0,32.767199999999995,0.0013957345,0.020675763953477144,22.383,154.0,2.052631578947368,30.14,128.0,2.263157894736842,30.657,183.0,2.473684210526316,27.689,140.0,2.6842105263157894,24.519,129.0,2.894736842105263,28.985,171.0,3.1052631578947367,21.986,93.0,3.3157894736842106,30.038,113.0,3.526315789473684,33.2735,202.0,3.7368421052631575,25.45,119.0,3.9473684210526314,38.929,181.0,4.157894736842105,32.5815,180.0,4.368421052631579,37.199,184.0,4.578947368421052,42.8085,188.0,4.789473684210526,36.4215,198.0,5.0,,,,,,,,,,,,,,,,,,,,,,,,,,,,,,,,,,,,,,,,,,,,,,,,,,,,,,,,,,,,,,,,,,,,,,,,,,,,,,,,,,,,,,,,,,
scalability,N_20,4,whittle,2000,7651.2035789473675,15274.57894736842,1001.5,2001.0,1.0,1001.5,2001.0,1.2105263157894737,1001.5,2001.0,1.4210526315789473,1001.5,2001.0,1.631578947368421,501.0,1001.0,1.8421052631578947,2001.0,3.0,10.35455,0.0090398645,0.037001253105700016,328.8705,988.0,2.052631578947368,71.5,259.0,2.263157894736842,37.626,150.0,2.473684210526316,23.2025,121.0,2.6842105263157894,17.6795,84.0,2.894736842105263,13.1265,52.0,3.1052631578947367,11.506,36.0,3.3157894736842106,10.7625,37.0,3.526315789473684,10.238,30.0,3.7368421052631575,9.984,27.0,3.9473684210526314,9.765,26.0,4.157894736842105,9.573,24.0,4.368421052631579,9.5745,25.0,4.578947368421052,9.5815,25.0,4.789473684210526,9.4345,24.0,5.0,,,,,,,,,,,,,,,,,,,,,,,,,,,,,,,,,,,,,,,,,,,,,,,,,,,,,,,,,,,,,,,,,,,,,,,,,,,,,,,,,,,,,,,,,,
scalability,N_20,4,round_robin,2000,1281.0573684210526,2481.578947368421,13.7,60.0,1.0,13.281,60.0,1.2105263157894737,14.923,60.0,1.4210526315789473,16.046,100.0,1.631578947368421,15.27,60.0,1.8421052631578947,200.0,3.0,23.6225,0.00013230500000000001,0.018068586010485888,15.665,60.0,2.052631578947368,15.861,60.0,2.263157894736842,15.858,60.0,2.473684210526316,20.696,100.0,2.6842105263157894,15.565,100.0,2.894736842105263,21.855,120.0,3.1052631578947367,21.456,100.0,3.3157894736842106,19.258,80.0,3.526315789473684,19.061,100.0,3.7368421052631575,28.765,200.0,3.9473684210526314,24.07,120.0,4.157894736842105,23.876,120.0,4.368421052631579,29.893,140.0,4.578947368421052,23.891,100.0,4.789473684210526,24.1,100.0,5.0,,,,,,,,,,,,,,,,,,,,,,,,,,,,,,,,,,,,,,,,,,,,,,,,,,,,,,,,,,,,,,,,,,,,,,,,,,,,,,,,,,,,,,,,,,
scalability,N_20,4,periodic,2000,1839.5432368421052,2435.5263157894738,39.3,120.0,1.0,33.891,120.0,1.2105263157894737,40.633,183.0,1.4210526315789473,29.4795,60.0,1.631578947368421,31.3495,119.0,1.8421052631578947,183.0,3.0,29.830199999999998,0.00013889,0.017931247013621032,33.2025,120.0,2.052631578947368,29.661,61.0,2.263157894736842,31.526,119.0,2.473684210526316,30.715,120.0,2.6842105263157894,30.989,118.0,2.894736842105263,30.999,120.0,3.1052631578947367,28.9305,61.0,3.3157894736842106,28.218,61.0,3.526315789473684,28.3875,61.0,3.7368421052631575,30.0575,118.0,3.9473684210526314,32.026,120.0,4.157894736842105,30.2305,118.0,4.368421052631579,29.457,117.0,4.578947368421052,29.88,120.0,4.789473684210526,30.116,118.0,5.0,,,,,,,,,,,,,,,,,,,,,,,,,,,,,,,,,,,,,,,,,,,,,,,,,,,,,,,,,,,,,,,,,,,,,,,,,,,,,,,,,,,,,,,,,,
scalability,N_20,4,greedy,2000,968.4844210526315,1558.6315789473683,44.7875,116.0,1.0,37.172,97.0,1.2105263157894737,32.302,81.0,1.4210526315789473,29.283,82.0,1.631578947368421,25.3545,65.0,1.8421052631578947,116.0,3.0,12.59035,0.00169866,0.021114008966833353,22.7955,60.0,2.052631578947368,21.2875,57.0,2.263157894736842,19.107,53.0,2.473684210526316,17.705,43.0,2.6842105263157894,16.4665,42.0,2.894736842105263,15.2665,40.0,3.1052631578947367,14.859,41.0,3.3157894736842106,13.8715,37.0,3.526315789473684,13.319,38.0,3.7368421052631575,12.502,36.0,3.9473684210526314,11.9575,32.0,4.157894736842105,11.3895,31.0,4.368421052631579,11.1515,32.0,4.578947368421052,10.881,32.0,4.789473684210526,10.706,31.0,5.0,,,,,,,,,,,,,,,,,,,,,,,,,,,,,,,,,,,,,,,,,,,,,,,,,,,,,,,,,,,,,,,,,,,,,,,,,,,,,,,,,,,,,,,,,,
scalability,N_20,4,random,2000,1902.272289473684,3930.578947368421,23.2,109.0,1.0,22.596,106.0,1.2105263157894737,17.348,78.0,1.4210526315789473,18.724,89.0,1.631578947368421,20.684,85.0,1.8421052631578947,241.0,3.0,34.553450000000005,0.001420718,0.020747346919961274,27.763,178.0,2.052631578947368,26.652,149.0,2.263157894736842,21.4705,121.0,2.473684210526316,30.0975,162.0,2.6842105263157894,29.475,128.0,2.894736842105263,27.7425,134.0,3.1052631578947367,32.2025,189.0,3.3157894736842106,26.316,112.0,3.526315789473684,33.7025,163.0,3.7368421052631575,37.565,140.0,3.9473684210526314,31.2715,138.0,4.157894736842105,37.5855,160.0,4.368421052631579,45.778,239.0,4.578947368421052,41.521,241.0,4.789473684210526,31.85,160.0,5.0,,,,,,,,,,,,,,,,,,,,,,,,,,,,,,,,,,,,,,,,,,,,,,,,,,,,,,,,,,,,,,,,,,,,,,,,,,,,,,,,,,,,,,,,,,
scalability,N_50,0,whittle,2000,81048.9276632653,157984.02040816325,1001.5,2001.0,1.0,1001.5,2001.0,1.0816326530612246,1001.5,2001.0,1.163265306122449,1001.5,2001.0,1.2448979591836735,1001.5,2001.0,1.3265306122448979,2001.0,3.0,370.38421999999997,0.0212040755,0.08170754602178931,1001.5,2001.0,1.4081632653061225,1001.5,2001.0,1.489795918367347,1001.5,2001.0,1.5714285714285714,1001.5,2001.0,1.6530612244897958,1001.5,2001.0,1.7346938775510203,1001.5,2001.0,1.816326530612245,1001.5,2001.0,1.8979591836734693,1001.5,2001.0,1.9795918367346939,1001.5,2001.0,2.061224489795918,1001.5,2001.0,2.142857142857143,1001.5,2001.0,2.224489795918367,1001.5,2001.0,2.3061224489795915,1001.5,2001.0,2.387755102040816,1001.5,2001.0,2.4693877551020407,1001.5,2001.0,2.5510204081632653,1001.5,2001.0,2.63265306122449,1001.5,2001.0,2.7142857142857144,1001.5,2001.0,2.7959183673469385,1001.5,2001.0,2.877551020408163,1001.5,2001.0,2.9591836734693877,1001.5,2001.0,3.0408163265306123,1001.5,2001.0,3.1224489795918364,1001.5,2001.0,3.204081632653061,1001.5,2001.0,3.2857142857142856,1001.5,2001.0,3.36734693877551,1001.5,2001.0,3.4489795918367343,1001.5,2001.0,3.530612244897959,1001.5,2001.0,3.6122448979591835,481.12,1293.0,3.693877551020408,265.427,840.0,3.7755102040816326,165.496,492.0,3.8571428571428568,115.663,469.0,3.9387755102040813,51.164,226.0,4.020408163265306,28.763,128.0,4.1020408163265305,19.403,87.0,4.183673469387754,16.797,62.0,4.26530612244898,13.7045,45.0,4.346938775510203,12.9765,46.0,4.428571428571429,11.88,37.0,4.5102040816326525,11.6345,42.0,4.591836734693877,11.264,45.0,4.673469387755102,10.868,27.0,4.755102040816326,10.709,28.0,4.836734693877551,10.394,25.0,4.918367346938775,10.342,25.0,5.0
scalability,N_50,0,round_robin,2000,8307.601020408163,11642.34693877551,28.0,100.0,1.0,30.476,100.0,1.0816326530612246,26.703,100.0,1.163265306122449,30.531,100.0,1.2448979591836735,26.785,100.0,1.3265306122448979,350.0,3.0,61.961000000000006,0.0001503945,0.03585635405033827,37.64,150.0,1.4081632653061225,32.871,150.0,1.489795918367347,37.853,150.0,1.5714285714285714,32.836,100.0,1.6530612244897958,37.595,150.0,1.7346938775510203,35.305,100.0,1.816326530612245,39.641,150.0,1.8979591836734693,39.978,200.0,1.9795918367346939,37.766,150.0,2.061224489795918,47.63,165.0,2.142857142857143,32.745,100.0,2.224489795918367,39.836,150.0,2.3061224489795915,36.053,100.0,2.387755102040816,35.221,150.0,2.4693877551020407,37.715,150.0,2.5510204081632653,65.46,350.0,2.63265306122449,41.456,150.0,2.7142857142857144,52.153,250.0,2.7959183673469385,43.901,150.0,2.877551020408163,47.075,200.0,2.9591836734693877,47.075,200.0,3.0408163265306123,60.751,200.0,3.1224489795918364,47.028,200.0,3.204081632653061,60.756,250.0,3.2857142857142856,43.96,150.0,3.36734693877551,55.99,250.0,3.4489795918367343,56.471,300.0,3.530612244897959,46.053,200.0,3.6122448979591835,69.411,300.0,3.693877551020408,74.02,250.0,3.7755102040816326,52.405,200.0,3.8571428571428568,77.441,300.0,3.9387755102040813,42.778,150.0,4.020408163265306,56.791,262.0,4.1020408163265305,72.33,250.0,4.183673469387754,68.07,300.0,4.26530612244898,55.136,200.0,4.346938775510203,57.728,200.0,4.428571428571429,81.621,250.0,4.5102040816326525,60.54,250.0,4.591836734693877,69.41,250.0,4.673469387755102,64.281,250.0,4.755102040816326,51.753,200.0,4.836734693877551,79.226,300.0,4.918367346938775,98.0,300.0,5.0
scalability,N_50,0,periodic,2000,11692.51981632653,13419.918367346938,85.5,300.0,1.0,119.226,450.0,1.0816326530612246,85.453,300.0,1.163265306122449,96.981,300.0,1.2448979591836735,74.535,155.0,1.3265306122448979,450.0,3.0,77.33058000000001,0.00015099700000000002,0.03549194091465324,119.14,450.0,1.4081632653061225,96.621,300.0,1.489795918367347,73.2625,150.0,1.5714285714285714,84.704,300.0,1.6530612244897958,73.2085,150.0,1.7346938775510203,73.403,151.0,1.816326530612245,73.2335,151.0,1.8979591836734693,73.366,150.0,1.9795918367346939,84.455,299.0,2.061224489795918,73.4355,151.0,2.142857142857143,75.515,174.0,2.224489795918367,84.903,300.0,2.3061224489795915,84.6705,300.0,2.387755102040816,73.364,150.0,2.4693877551020407,72.4705,150.0,2.5510204081632653,83.787,298.0,2.63265306122449,84.228,300.0,2.7142857142857144,72.7995,150.0,2.7959183673469385,72.7795,150.0,2.877551020408163,72.8415,150.0,2.9591836734693877,129.1585,448.0,3.0408163265306123,84.391,300.0,3.1224489795918364,73.08,150.0,3.204081632653061,72.4355,150.0,3.2857142857142856,83.6405,298.0,3.36734693877551,72.733,152.0,3.4489795918367343,71.943,150.0,3.530612244897959,71.8595,150.0,3.6122448979591835,77.3115,226.0,3.693877551020408,71.421,151.0,3.7755102040816326,82.3355,297.0,3.8571428571428568,71.5595,152.0,3.9387755102040813,82.714,300.0,4.020408163265306,71.156,150.0,4.1020408163265305,71.9675,152.0,4.183673469387754,71.263,150.0,4.26530612244898,82.882,300.0,4.346938775510203,71.371,150.0,4.428571428571429,71.054,150.0,4.5102040816326525,81.4025,296.0,4.591836734693877,70.6505,149.0,4.673469387755102,82.071,296.0,4.755102040816326,71.5655,150.0,4.836734693877551,71.3815,150.0,4.918367346938775,71.9175,151.0,5.0
scalability,N_50,0,greedy,2000,5912.320204081632,7816.244897959184,112.7,248.0,1.0,104.255,236.0,1.0816326530612246,101.006,216.0,1.163265306122449,92.255,214.0,1.2448979591836735,88.4655,197.0,1.3265306122448979,248.0,3.0,30.394560000000002,0.00334536,0.042150576948188245,80.2885,177.0,1.4081632653061225,78.5225,176.0,1.489795918367347,73.9505,167.0,1.5714285714285714,72.5055,160.0,1.6530612244897958,66.7455,152.0,1.7346938775510203,63.956,143.0,1.816326530612245,61.1355,137.0,1.8979591836734693,58.786,134.0,1.9795918367346939,57.0895,131.0,2.061224489795918,54.3905,127.0,2.142857142857143,53.53,119.0,2.224489795918367,51.1595,117.0,2.3061224489795915,49.689,109.0,2.387755102040816,47.505,109.0,2.4693877551020407,45.6795,103.0,2.5510204081632653,44.701,100.0,2.63265306122449,43.586,99.0,2.7142857142857144,42.54,96.0,2.7959183673469385,41.069,96.0,2.877551020408163,40.0015,95.0,2.9591836734693877,38.995,87.0,3.0408163265306123,37.9375,86.0,3.1224489795918364,36.7885,85.0,3.204081632653061,36.2285,81.0,3.2857142857142856,35.502,83.0,3.36734693877551,34.2875,81.0,3.4489795918367343,33.4055,75.0,3.530612244897959,33.2895,76.0,3.6122448979591835,32.306,75.0,3.693877551020408,31.4475,72.0,3.7755102040816326,30.915,72.0,3.8571428571428568,30.4065,68.0,3.9387755102040813,29.7585,68.0,4.020408163265306,28.939,69.0,4.1020408163265305,28.742,69.0,4.183673469387754,28.092,64.0,4.26530612244898,27.4695,64.0,4.346938775510203,27.182,62.0,4.428571428571429,26.7045,62.0,4.5102040816326525,26.3155,63.0,4.591836734693877,25.8255,60.0,4.673469387755102,25.6025,58.0,4.755102040816326,25.0775,57.0,4.836734693877551,24.5135,55.0,4.918367346938775,24.133,57.0,5.0
scalability,N_50,0,random,2000,11038.559346938773,15756.510204081633,84.644,370.0,1.0,38.77,141.0,1.0816326530612246,50.375,165.0,1.163265306122449,55.226,222.0,1.2448979591836735,46.1835,197.0,1.3265306122448979,526.0,3.0,76.87422000000001,0.0014235180000000001,0.03799789398908615,53.761,262.0,1.4081632653061225,61.066,204.0,1.489795918367347,44.3295,157.0,1.5714285714285714,36.1205,161.0,1.6530612244897958,52.536,164.0,1.7346938775510203,48.6085,191.0,1.816326530612245,52.4255,237.0,1.8979591836734693,46.0585,175.0,1.9795918367346939,76.5325,384.0,2.061224489795918,65.9235,253.0,2.142857142857143,77.3845,356.0,2.224489795918367,45.758,194.0,2.3061224489795915,81.4495,315.0,2.387755102040816,54.506,190.0,2.4693877551020407,128.0465,503.0,2.5510204081632653,88.2065,395.0,2.63265306122449,71.3815,260.0,2.7142857142857144,104.1935,346.0,2.7959183673469385,66.8445,275.0,2.877551020408163,51.086,204.0,2.9591836734693877,66.1415,229.0,3.0408163265306123,81.363,362.0,3.1224489795918364,111.4865,526.0,3.204081632653061,77.8675,322.0,3.2857142857142856,58.007,224.0,3.36734693877551,49.1415,186.0,3.4489795918367343,113.047,460.0,3.530612244897959,61.694,206.0,3.6122448979591835,57.3175,199.0,3.693877551020408,73.4115,251.0,3.7755102040816326,55.346,224.0,3.8571428571428568,99.8065,432.0,3.9387755102040813,89.2025,330.0,4.020408163265306,61.472,289.0,4.1020408163265305,73.671,307.0,4.183673469387754,67.768,237.0,4.26530612244898,90.375,362.0,4.346938775510203,70.4915,267.0,4.428571428571429,48.1005,216.0,4.5102040816326525,50.1495,201.0,4.591836734693877,109.247,445.0,4.673469387755102,66.558,284.0,4.755102040816326,107.344,433.0,4.836734693877551,89.5065,416.0,4.918367346938775,93.3405,414.0,5.0
scalability,N_50,1,whittle,2000,81607.16104081633,149064.48979591837,1001.5,2001.0,1.0,1001.5,2001.0,1.0816326530612246,1001.5,2001.0,1.163265306122449,1001.5,2001.0,1.2448979591836735,1001.5,2001.0,1.3265306122448979,2001.0,3.0,376.65612,0.0210223435,0.08027653908357024,1001.5,2001.0,1.4081632653061225,1001.5,2001.0,1.489795918367347,1001.5,2001.0,1.5714285714285714,1001.5,2001.0,1.6530612244897958,1001.5,2001.0,1.7346938775510203,1001.5,2001.0,1.816326530612245,1001.5,2001.0,1.8979591836734693,1001.5,2001.0,1.9795918367346939,1001.5,2001.0,2.061224489795918,1001.5,2001.0,2.142857142857143,1001.5,2001.0,2.224489795918367,1001.5,2001.0,2.3061224489795915,1001.5,2001.0,2.387755102040816,1001.5,2001.0,2.4693877551020407,1001.5,2001.0,2.5510204081632653,1001.5,2001.0,2.63265306122449,1001.5,2001.0,2.7142857142857144,1001.5,2001.0,2.7959183673469385,1001.5,2001.0,2.877551020408163,1001.5,2001.0,2.9591836734693877,1001.5,2001.0,3.0408163265306123,1001.5,2001.0,3.1224489795918364,1001.5,2001.0,3.204081632653061,1001.5,2001.0,3.2857142857142856,1001.5,2001.0,3.36734693877551,1001.5,2001.0,3.4489795918367343,1001.5,2001.0,3.530612244897959,864.378,1853.0,3.6122448979591835,855.903,1843.0,3.693877551020408,329.55,873.0,3.7755102040816326,114.9385,347.0,3.8571428571428568,52.551,210.0,3.9387755102040813,34.15,164.0,4.020408163265306,22.1405,88.0,4.1020408163265305,18.4225,76.0,4.183673469387754,14.245,53.0,4.26530612244898,13.089,48.0,4.346938775510203,11.79,36.0,4.428571428571429,11.2615,34.0,4.5102040816326525,11.0155,31.0,4.591836734693877,10.6245,28.0,4.673469387755102,10.647,27.0,4.755102040816326,10.4655,26.0,4.836734693877551,10.376,24.0,4.918367346938775,10.3555,23.0,5.0
scalability,N_50,1,round_robin,2000,7686.996428571429,11088.265306122448,28.0,100.0,1.0,31.726,150.0,1.0816326530612246,29.203,100.0,1.163265306122449,30.431,100.0,1.2448979591836735,27.91,100.0,1.3265306122448979,437.0,3.0,56.04600000000001,0.000145613,0.03607054799795151,32.09,156.0,1.4081632653061225,34.296,100.0,1.489795918367347,30.353,100.0,1.5714285714285714,30.336,100.0,1.6530612244897958,33.845,150.0,1.7346938775510203,40.58,200.0,1.816326530612245,42.791,250.0,1.8979591836734693,30.278,100.0,1.9795918367346939,39.016,150.0,2.061224489795918,43.655,150.0,2.142857142857143,38.995,150.0,2.224489795918367,41.486,200.0,2.3061224489795915,28.978,100.0,2.387755102040816,36.471,100.0,2.4693877551020407,46.465,150.0,2.5510204081632653,44.235,180.0,2.63265306122449,58.256,250.0,2.7142857142857144,55.203,300.0,2.7959183673469385,54.626,250.0,2.877551020408163,36.45,150.0,2.9591836734693877,42.125,150.0,3.0408163265306123,40.201,150.0,3.1224489795918364,52.853,200.0,3.204081632653061,35.206,100.0,3.2857142857142856,57.71,250.0,3.36734693877551,45.99,200.0,3.4489795918367343,43.221,150.0,3.530612244897959,56.128,200.0,3.6122448979591835,51.911,300.0,3.693877551020408,49.795,200.0,3.7755102040816326,71.155,300.0,3.8571428571428568,105.166,437.0,3.9387755102040813,40.278,150.0,4.020408163265306,59.041,250.0,4.1020408163265305,40.055,150.0,4.183673469387754,49.345,250.0,4.26530612244898,83.886,300.0,4.346938775510203,60.353,200.0,4.428571428571429,54.121,200.0,4.5102040816326525,59.015,250.0,4.591836734693877,49.085,200.0,4.673469387755102,49.106,250.0,4.755102040816326,54.203,200.0,4.836734693877551,69.326,250.0,4.918367346938775,81.875,251.0,5.0
scalability,N_50,1,periodic,2000,11617.901234693878,13720.38775510204,85.5,300.0,1.0,85.476,300.0,1.0816326530612246,107.953,450.0,1.163265306122449,85.431,300.0,1.2448979591836735,77.61,196.0,1.3265306122448979,456.0,3.0,75.6011,0.0001464855,0.03567294403910637,123.865,456.0,1.4081632653061225,85.896,300.0,1.489795918367347,73.4115,150.0,1.5714285714285714,73.305,150.0,1.6530612244897958,73.352,151.0,1.7346938775510203,73.495,151.0,1.816326530612245,73.25,150.0,1.8979591836734693,84.467,300.0,1.9795918367346939,73.429,151.0,2.061224489795918,73.2825,150.0,2.142857142857143,73.355,150.0,2.224489795918367,95.855,300.0,2.3061224489795915,84.535,299.0,2.387755102040816,96.0785,301.0,2.4693877551020407,72.4685,150.0,2.5510204081632653,83.9675,299.0,2.63265306122449,72.679,150.0,2.7142857142857144,72.4335,150.0,2.7959183673469385,84.102,298.0,2.877551020408163,72.918,150.0,2.9591836734693877,72.9885,151.0,3.0408163265306123,84.3135,298.0,3.1224489795918364,73.4015,150.0,3.204081632653061,72.8795,151.0,3.2857142857142856,84.087,299.0,3.36734693877551,72.572,150.0,3.4489795918367343,82.4815,297.0,3.530612244897959,71.1935,150.0,3.6122448979591835,71.5745,151.0,3.693877551020408,82.0945,297.0,3.7755102040816326,71.0865,149.0,3.8571428571428568,71.597,150.0,3.9387755102040813,70.929,149.0,4.020408163265306,71.032,151.0,4.1020408163265305,71.422,151.0,4.183673469387754,78.6805,247.0,4.26530612244898,71.366,151.0,4.346938775510203,82.8315,300.0,4.428571428571429,70.8345,150.0,4.5102040816326525,70.9215,151.0,4.591836734693877,71.0785,150.0,4.673469387755102,71.1215,150.0,4.755102040816326,72.069,150.0,4.836734693877551,94.475,299.0,4.918367346938775,82.997,297.0,5.0
scalability,N_50,1,greedy,2000,5816.540367346939,8030.3877551020405,112.776,256.0,1.0,101.1295,221.0,1.0816326530612246,94.0185,215.0,1.163265306122449,90.3855,217.0,1.2448979591836735,82.8715,188.0,1.3265306122448979,256.0,3.0,29.93328,0.003364985,0.04218899202533066,80.7225,178.0,1.4081632653061225,78.041,173.0,1.489795918367347,72.4945,162.0,1.5714285714285714,69.098,158.0,1.6530612244897958,68.0005,162.0,1.7346938775510203,63.495,146.0,1.816326530612245,61.0275,146.0,1.8979591836734693,58.127,146.0,1.9795918367346939,56.5615,132.0,2.061224489795918,53.602,129.0,2.142857142857143,52.053,115.0,2.224489795918367,50.8485,119.0,2.3061224489795915,48.6305,118.0,2.387755102040816,46.9385,108.0,2.4693877551020407,45.5075,106.0,2.5510204081632653,44.063,105.0,2.63265306122449,42.8665,101.0,2.7142857142857144,41.925,98.0,2.7959183673469385,40.477,95.0,2.877551020408163,39.31,92.0,2.9591836734693877,38.797,91.0,3.0408163265306123,37.891,91.0,3.1224489795918364,36.6705,89.0,3.204081632653061,35.1385,84.0,3.2857142857142856,34.338,85.0,3.36734693877551,33.8695,83.0,3.4489795918367343,33.245,77.0,3.530612244897959,32.551,81.0,3.6122448979591835,31.517,73.0,3.693877551020408,31.3965,76.0,3.7755102040816326,30.4815,68.0,3.8571428571428568,29.75,70.0,3.9387755102040813,29.091,69.0,4.020408163265306,28.752,66.0,4.1020408163265305,28.2155,70.0,4.183673469387754,27.726,67.0,4.26530612244898,27.188,64.0,4.346938775510203,26.839,65.0,4.428571428571429,26.212,62.0,4.5102040816326525,25.6645,65.0,4.591836734693877,25.2025,58.0,4.673469387755102,24.962,59.0,4.755102040816326,24.6675,58.0,4.836734693877551,24.258,61.0,4.918367346938775,23.9085,57.0,5.0
scalability,N_50,1,random,2000,10710.31601020408,17628.408163265307,89.072,459.0,1.0,51.625,247.0,1.0816326530612246,61.316,225.0,1.163265306122449,52.314,261.0,1.2448979591836735,66.6585,322.0,1.3265306122448979,774.0,3.0,77.37754,0.0014155975000000002,0.03845684591215104,46.0325,212.0,1.4081632653061225,56.443,241.0,1.489795918367347,70.7605,281.0,1.5714285714285714,71.413,410.0,1.6530612244897958,54.15,187.0,1.7346938775510203,69.5215,330.0,1.816326530612245,56.2155,290.0,1.8979591836734693,56.6715,246.0,1.9795918367346939,56.6815,208.0,2.061224489795918,62.885,222.0,2.142857142857143,62.5665,243.0,2.224489795918367,54.0165,188.0,2.3061224489795915,59.281,208.0,2.387755102040816,51.217,191.0,2.4693877551020407,46.3225,191.0,2.5510204081632653,63.076,238.0,2.63265306122449,45.586,177.0,2.7142857142857144,46.055,155.0,2.7959183673469385,50.481,234.0,2.877551020408163,58.341,228.0,2.9591836734693877,67.359,230.0,3.0408163265306123,112.0395,389.0,3.1224489795918364,57.6835,274.0,3.204081632653061,69.785,297.0,3.2857142857142856,57.7935,201.0,3.36734693877551,68.5315,249.0,3.4489795918367343,41.1105,148.0,3.530612244897959,50.364,167.0,3.6122448979591835,58.669,175.0,3.693877551020408,65.5845,274.0,3.7755102040816326,67.112,255.0,3.8571428571428568,61.394,257.0,3.9387755102040813,67.3875,246.0,4.020408163265306,85.2755,274.0,4.1020408163265305,116.6875,503.0,4.183673469387754,204.117,774.0,4.26530612244898,51.378,165.0,4.346938775510203,80.6375,260.0,4.428571428571429,82.257,324.0,4.5102040816326525,54.931,207.0,4.591836734693877,60.2455,211.0,4.673469387755102,66.8235,299.0,4.755102040816326,119.9645,493.0,4.836734693877551,71.4385,246.0,4.918367346938775,95.8695,339.0,5.0
scalability,N_50,2,whittle,2000,85975.6802244898,170485.7142857143,1001.5,2001.0,1.0,1001.5,2001.0,1.0816326530612246,1001.5,2001.0,1.163265306122449,1001.5,2001.0,1.2448979591836735,1001.5,2001.0,1.3265306122448979,2001.0,3.0,422.96011999999996,0.0209767535,0.07912998599931598,1001.5,2001.0,1.4081632653061225,1001.5,2001.0,1.489795918367347,1001.5,2001.0,1.5714285714285714,1001.5,2001.0,1.6530612244897958,1001.5,2001.0,1.7346938775510203,1001.5,2001.0,1.816326530612245,1001.5,2001.0,1.8979591836734693,1001.5,2001.0,1.9795918367346939,1001.5,2001.0,2.061224489795918,1001.5,2001.0,2.142857142857143,1001.5,2001.0,2.224489795918367,1001.5,2001.0,2.3061224489795915,1001.5,2001.0,2.387755102040816,1001.5,2001.0,2.4693877551020407,1001.5,2001.0,2.5510204081632653,1001.5,2001.0,2.63265306122449,1001.5,2001.0,2.7142857142857144,1001.5,2001.0,2.7959183673469385,1001.5,2001.0,2.877551020408163,1001.5,2001.0,2.9591836734693877,1001.5,2001.0,3.0408163265306123,1001.5,2001.0,3.1224489795918364,1001.5,2001.0,3.204081632653061,1001.5,2001.0,3.2857142857142856,1001.5,2001.0,3.36734693877551,1001.5,2001.0,3.4489795918367343,1001.5,2001.0,3.530612244897959,1001.5,2001.0,3.6122448979591835,1001.5,2001.0,3.693877551020408,1001.5,2001.0,3.7755102040816326,216.4415,746.0,3.8571428571428568,123.22,517.0,3.9387755102040813,48.0205,251.0,4.020408163265306,27.722,117.0,4.1020408163265305,21.2325,108.0,4.183673469387754,16.926,89.0,4.26530612244898,13.7355,52.0,4.346938775510203,12.872,53.0,4.428571428571429,12.259,53.0,4.5102040816326525,11.8445,52.0,4.591836734693877,11.628,50.0,4.673469387755102,11.004,30.0,4.755102040816326,10.8335,33.0,4.836734693877551,10.6325,29.0,4.918367346938775,10.6315,32.0,5.0
scalability,N_50,2,round_robin,2000,8493.794387755102,13557.65306122449,40.5,150.0,1.0,30.476,100.0,1.0816326530612246,31.703,150.0,1.163265306122449,32.931,150.0,1.2448979591836735,30.31,100.0,1.3265306122448979,550.0,3.0,61.913999999999994,0.00014308000000000002,0.03546235791873187,35.54,100.0,1.4081632653061225,31.621,100.0,1.489795918367347,44.128,200.0,1.5714285714285714,30.336,150.0,1.6530612244897958,44.07,250.0,1.7346938775510203,30.055,100.0,1.816326530612245,41.541,250.0,1.8979591836734693,37.478,150.0,1.9795918367346939,45.266,250.0,2.061224489795918,42.755,200.0,2.142857142857143,44.495,150.0,2.224489795918367,36.911,150.0,2.3061224489795915,42.728,200.0,2.387755102040816,41.471,250.0,2.4693877551020407,51.465,200.0,2.5510204081632653,47.71,200.0,2.63265306122449,39.681,200.0,2.7142857142857144,37.153,150.0,2.7959183673469385,68.951,250.0,2.877551020408163,52.7,250.0,2.9591836734693877,37.075,150.0,3.0408163265306123,57.701,250.0,3.1224489795918364,60.803,250.0,3.204081632653061,40.206,150.0,3.2857142857142856,55.235,200.0,3.36734693877551,39.465,150.0,3.4489795918367343,57.621,200.0,3.530612244897959,33.978,100.0,3.6122448979591835,48.611,200.0,3.693877551020408,49.12,200.0,3.7755102040816326,75.255,350.0,3.8571428571428568,49.041,200.0,3.9387755102040813,88.103,400.0,4.020408163265306,49.041,200.0,4.1020408163265305,49.33,150.0,4.183673469387754,101.245,391.0,4.26530612244898,60.336,200.0,4.346938775510203,64.103,250.0,4.428571428571429,57.721,250.0,4.5102040816326525,46.515,150.0,4.591836734693877,79.41,350.0,4.673469387755102,76.606,300.0,4.755102040816326,74.103,250.0,4.836734693877551,60.476,150.0,4.918367346938775,136.75,550.0,5.0
scalability,N_50,2,periodic,2000,11827.046122448979,14963.204081632652,130.5,450.0,1.0,89.151,300.0,1.0816326530612246,74.203,150.0,1.163265306122449,96.681,300.0,1.2448979591836735,96.66,300.0,1.3265306122448979,450.0,3.0,76.6279,0.0001496415,0.03535049199126661,142.09,450.0,1.4081632653061225,96.621,300.0,1.489795918367347,107.1645,299.0,1.5714285714285714,73.156,150.0,1.6530612244897958,73.5755,151.0,1.7346938775510203,84.5025,299.0,1.816326530612245,84.6315,299.0,1.8979591836734693,73.2915,150.0,1.9795918367346939,73.205,150.0,2.061224489795918,73.346,150.0,2.142857142857143,73.417,151.0,2.224489795918367,84.8165,300.0,2.3061224489795915,84.621,299.0,2.387755102040816,84.544,299.0,2.4693877551020407,74.058,167.0,2.5510204081632653,72.8905,150.0,2.63265306122449,72.682,150.0,2.7142857142857144,95.4675,299.0,2.7959183673469385,73.025,151.0,2.877551020408163,72.9905,151.0,2.9591836734693877,73.2845,150.0,3.0408163265306123,84.1185,299.0,3.1224489795918364,83.6605,298.0,3.204081632653061,72.834,150.0,3.2857142857142856,83.8635,299.0,3.36734693877551,72.3585,150.0,3.4489795918367343,71.6125,153.0,3.530612244897959,71.5515,150.0,3.6122448979591835,71.4515,150.0,3.693877551020408,72.045,151.0,3.7755102040816326,71.46,150.0,3.8571428571428568,71.3125,149.0,3.9387755102040813,71.3535,150.0,4.020408163265306,93.7755,300.0,4.1020408163265305,104.918,447.0,4.183673469387754,71.0415,150.0,4.26530612244898,71.741,152.0,4.346938775510203,71.62,150.0,4.428571428571429,70.538,149.0,4.5102040816326525,82.336,298.0,4.591836734693877,93.3245,297.0,4.673469387755102,71.0245,150.0,4.755102040816326,71.296,149.0,4.836734693877551,71.5255,151.0,4.918367346938775,71.651,150.0,5.0
scalability,N_50,2,greedy,2000,6001.456928571428,8721.897959183672,114.0745,294.0,1.0,105.159,240.0,1.0816326530612246,101.503,227.0,1.163265306122449,93.097,224.0,1.2448979591836735,88.368,220.0,1.3265306122448979,294.0,3.0,30.95204,0.0034180729999999998,0.0423884509364143,84.42,190.0,1.4081632653061225,78.5715,168.0,1.489795918367347,72.807,168.0,1.5714285714285714,72.336,171.0,1.6530612244897958,67.7385,152.0,1.7346938775510203,63.9515,151.0,1.816326530612245,62.754,143.0,1.8979591836734693,60.513,145.0,1.9795918367346939,57.6975,140.0,2.061224489795918,55.072,134.0,2.142857142857143,53.6945,132.0,2.224489795918367,52.1225,121.0,2.3061224489795915,50.7275,117.0,2.387755102040816,48.704,116.0,2.4693877551020407,46.7925,120.0,2.5510204081632653,44.7945,109.0,2.63265306122449,44.367,101.0,2.7142857142857144,42.7775,104.0,2.7959183673469385,41.183,101.0,2.877551020408163,40.943,98.0,2.9591836734693877,39.922,94.0,3.0408163265306123,38.7245,91.0,3.1224489795918364,37.092,89.0,3.204081632653061,36.996,95.0,3.2857142857142856,36.323,86.0,3.36734693877551,35.4105,83.0,3.4489795918367343,34.331,84.0,3.530612244897959,33.6445,84.0,3.6122448979591835,32.9615,78.0,3.693877551020408,32.2895,81.0,3.7755102040816326,31.497,74.0,3.8571428571428568,30.8665,73.0,3.9387755102040813,30.5175,78.0,4.020408163265306,29.73,73.0,4.1020408163265305,28.8695,69.0,4.183673469387754,28.3655,71.0,4.26530612244898,28.1455,72.0,4.346938775510203,27.55,65.0,4.428571428571429,27.134,66.0,4.5102040816326525,26.68,67.0,4.591836734693877,26.234,61.0,4.673469387755102,25.785,60.0,4.755102040816326,25.2865,62.0,4.836734693877551,24.8655,58.0,4.918367346938775,24.58,60.0,5.0
scalability,N_50,2,random,2000,11106.432326530612,15968.42857142857,47.9565,232.0,1.0,55.327,299.0,1.0816326530612246,63.0125,260.0,1.163265306122449,57.9825,237.0,1.2448979591836735,53.9945,210.0,1.3265306122448979,614.0,3.0,78.05682,0.0014173340000000001,0.037683938979171216,79.6295,263.0,1.4081632653061225,51.874,308.0,1.489795918367347,57.287,284.0,1.5714285714285714,62.602,279.0,1.6530612244897958,57.6945,214.0,1.7346938775510203,70.7705,276.0,1.816326530612245,72.1025,359.0,1.8979591836734693,45.598,154.0,1.9795918367346939,59.883,209.0,2.061224489795918,61.001,228.0,2.142857142857143,87.351,399.0,2.224489795918367,56.482,276.0,2.3061224489795915,95.262,440.0,2.387755102040816,72.765,298.0,2.4693877551020407,63.1995,285.0,2.5510204081632653,49.8595,240.0,2.63265306122449,51.805,234.0,2.7142857142857144,70.2595,251.0,2.7959183673469385,80.879,370.0,2.877551020408163,62.768,235.0,2.9591836734693877,57.1125,207.0,3.0408163265306123,61.784,192.0,3.1224489795918364,70.383,351.0,3.204081632653061,86.942,309.0,3.2857142857142856,66.0995,287.0,3.36734693877551,126.468,614.0,3.4489795918367343,68.969,266.0,3.530612244897959,74.2245,348.0,3.6122448979591835,74.5015,289.0,3.693877551020408,51.517,224.0,3.7755102040816326,61.158,314.0,3.8571428571428568,76.7545,315.0,3.9387755102040813,98.461,355.0,4.020408163265306,69.804,280.0,4.1020408163265305,77.7305,240.0,4.183673469387754,77.75,286.0,4.26530612244898,89.3445,361.0,4.346938775510203,60.6915,206.0,4.428571428571429,110.48,384.0,4.5102040816326525,63.7335,262.0,4.591836734693877,76.5335,309.0,4.673469387755102,91.391,453.0,4.755102040816326,108.172,467.0,4.836734693877551,82.2765,328.0,4.918367346938775,69.139,224.0,5.0
scalability,N_50,3,whittle,2000,82362.43980612245,156980.22448979592,1001.5,2001.0,1.0,1001.5,2001.0,1.0816326530612246,1001.5,2001.0,1.163265306122449,1001.5,2001.0,1.2448979591836735,1001.5,2001.0,1.3265306122448979,2001.0,3.0,384.84058,0.0208871565,0.0798204030143097,1001.5,2001.0,1.4081632653061225,1001.5,2001.0,1.489795918367347,1001.5,2001.0,1.5714285714285714,1001.5,2001.0,1.6530612244897958,1001.5,2001.0,1.7346938775510203,1001.5,2001.0,1.816326530612245,1001.5,2001.0,1.8979591836734693,1001.5,2001.0,1.9795918367346939,1001.5,2001.0,2.061224489795918,1001.5,2001.0,2.142857142857143,1001.5,2001.0,2.224489795918367,1001.5,2001.0,2.3061224489795915,1001.5,2001.0,2.387755102040816,1001.5,2001.0,2.4693877551020407,1001.5,2001.0,2.5510204081632653,1001.5,2001.0,2.63265306122449,1001.5,2001.0,2.7142857142857144,1001.5,2001.0,2.7959183673469385,1001.5,2001.0,2.877551020408163,1001.5,2001.0,2.9591836734693877,1001.5,2001.0,3.0408163265306123,1001.5,2001.0,3.1224489795918364,1001.5,2001.0,3.204081632653061,1001.5,2001.0,3.2857142857142856,1001.5,2001.0,3.36734693877551,1001.5,2001.0,3.4489795918367343,1001.5,2001.0,3.530612244897959,951.775,1950.0,3.6122448979591835,946.096,1944.0,3.693877551020408,351.3115,1062.0,3.7755102040816326,107.217,371.0,3.8571428571428568,56.375,232.0,3.9387755102040813,38.466,149.0,4.020408163265306,23.438,87.0,4.1020408163265305,17.272,87.0,4.183673469387754,14.967,67.0,4.26530612244898,13.8425,67.0,4.346938775510203,12.809,55.0,4.428571428571429,11.669,33.0,4.5102040816326525,11.5695,39.0,4.591836734693877,11.2205,36.0,4.673469387755102,11.058,36.0,4.755102040816326,10.601,34.0,4.836734693877551,10.4735,27.0,4.918367346938775,10.354,23.0,5.0
scalability,N_50,3,round_robin,2000,7518.042346938776,10778.061224489795,30.5,100.0,1.0,27.951,100.0,1.0816326530612246,27.953,100.0,1.163265306122449,33.031,150.0,1.2448979591836735,25.41,50.0,1.3265306122448979,300.0,3.0,55.254000000000005,0.000147575,0.03568796894978732,32.89,100.0,1.4081632653061225,31.621,150.0,1.489795918367347,36.428,150.0,1.5714285714285714,39.086,200.0,1.6530612244897958,35.57,150.0,1.7346938775510203,40.305,150.0,1.816326530612245,36.541,150.0,1.8979591836734693,31.253,163.0,1.9795918367346939,35.266,100.0,2.061224489795918,42.405,200.0,2.142857142857143,46.495,200.0,2.224489795918367,53.986,200.0,2.3061224489795915,36.928,150.0,2.387755102040816,36.946,150.0,2.4693877551020407,38.215,150.0,2.5510204081632653,50.21,200.0,2.63265306122449,38.431,150.0,2.7142857142857144,40.203,150.0,2.7959183673469385,42.051,150.0,2.877551020408163,38.95,150.0,2.9591836734693877,43.95,200.0,3.0408163265306123,47.701,150.0,3.1224489795918364,41.053,178.0,3.204081632653061,62.556,250.0,3.2857142857142856,65.21,300.0,3.36734693877551,56.24,200.0,3.4489795918367343,42.721,150.0,3.530612244897959,47.728,200.0,3.6122448979591835,59.036,250.0,3.693877551020408,46.895,250.0,3.7755102040816326,59.005,250.0,3.8571428571428568,48.366,200.0,3.9387755102040813,50.603,200.0,4.020408163265306,33.766,100.0,4.1020408163265305,70.055,300.0,4.183673469387754,64.07,250.0,4.26530612244898,56.386,200.0,4.346938775510203,46.603,150.0,4.428571428571429,56.971,200.0,4.5102040816326525,69.29,300.0,4.591836734693877,72.51,246.0,4.673469387755102,80.431,300.0,4.755102040816326,47.953,200.0,4.836734693877551,50.476,200.0,4.918367346938775,61.775,250.0,5.0
scalability,N_50,3,periodic,2000,11525.267204081632,13804.795918367347,85.5,300.0,1.0,85.476,300.0,1.0816326530612246,89.053,300.0,1.163265306122449,85.731,300.0,1.2448979591836735,96.66,300.0,1.3265306122448979,301.0,3.0,74.95074000000001,0.0001502005,0.03571575100068003,88.765,300.0,1.4081632653061225,85.371,300.0,1.489795918367347,73.337,150.0,1.5714285714285714,84.56,300.0,1.6530612244897958,84.677,301.0,1.7346938775510203,73.104,150.0,1.816326530612245,73.4565,150.0,1.8979591836734693,74.651,169.0,1.9795918367346939,84.6885,300.0,2.061224489795918,84.596,299.0,2.142857142857143,72.9695,149.0,2.224489795918367,73.5665,151.0,2.3061224489795915,95.696,299.0,2.387755102040816,73.23,150.0,2.4693877551020407,83.7915,299.0,2.5510204081632653,72.96,152.0,2.63265306122449,84.108,299.0,2.7142857142857144,72.652,150.0,2.7959183673469385,84.326,300.0,2.877551020408163,84.387,298.0,2.9591836734693877,84.5345,300.0,3.0408163265306123,84.293,299.0,3.1224489795918364,72.934,152.0,3.204081632653061,72.9045,151.0,3.2857142857142856,72.837,151.0,3.36734693877551,72.3165,151.0,3.4489795918367343,83.076,299.0,3.530612244897959,71.3385,149.0,3.6122448979591835,71.3915,151.0,3.693877551020408,71.307,150.0,3.7755102040816326,70.7925,149.0,3.8571428571428568,83.1435,300.0,3.9387755102040813,86.491,256.0,4.020408163265306,71.1585,150.0,4.1020408163265305,71.0065,150.0,4.183673469387754,79.236,254.0,4.26530612244898,71.8625,150.0,4.346938775510203,71.137,150.0,4.428571428571429,71.205,150.0,4.5102040816326525,82.362,297.0,4.591836734693877,71.5415,153.0,4.673469387755102,71.0145,150.0,4.755102040816326,71.7105,150.0,4.836734693877551,71.9875,152.0,4.918367346938775,72.1875,151.0,5.0
scalability,N_50,3,greedy,2000,5837.54437755102,8685.632653061224,112.3525,247.0,1.0,104.9295,250.0,1.0816326530612246,94.7685,230.0,1.163265306122449,89.255,198.0,1.2448979591836735,85.937,193.0,1.3265306122448979,250.0,3.0,30.06468,0.003431973,0.04263737297151238,78.708,184.0,1.4081632653061225,77.519,179.0,1.489795918367347,73.1975,173.0,1.5714285714285714,68.988,170.0,1.6530612244897958,67.774,158.0,1.7346938775510203,63.593,157.0,1.816326530612245,60.804,149.0,1.8979591836734693,58.4805,145.0,1.9795918367346939,57.2145,141.0,2.061224489795918,54.434,131.0,2.142857142857143,52.3195,128.0,2.224489795918367,51.0495,120.0,2.3061224489795915,48.509,112.0,2.387755102040816,47.041,115.0,2.4693877551020407,46.461,113.0,2.5510204081632653,44.0995,104.0,2.63265306122449,42.789,105.0,2.7142857142857144,40.924,99.0,2.7959183673469385,40.118,97.0,2.877551020408163,39.784,97.0,2.9591836734693877,38.781,94.0,3.0408163265306123,37.5625,91.0,3.1224489795918364,36.836,90.0,3.204081632653061,35.642,88.0,3.2857142857142856,35.3185,84.0,3.36734693877551,34.1295,81.0,3.4489795918367343,33.387,81.0,3.530612244897959,32.463,79.0,3.6122448979591835,32.1255,75.0,3.693877551020408,31.257,75.0,3.7755102040816326,30.414,72.0,3.8571428571428568,29.8795,70.0,3.9387755102040813,29.5465,72.0,4.020408163265306,28.751,69.0,4.1020408163265305,28.1655,71.0,4.183673469387754,27.697,68.0,4.26530612244898,27.321,65.0,4.346938775510203,26.9995,68.0,4.428571428571429,26.449,65.0,4.5102040816326525,25.887,64.0,4.591836734693877,25.357,61.0,4.673469387755102,24.856,61.0,4.755102040816326,24.5235,58.0,4.836734693877551,24.122,59.0,4.918367346938775,24.1465,59.0,5.0
scalability,N_50,3,random,2000,11322.1583877551,14187.265306122448,50.383,242.0,1.0,74.7505,302.0,1.0816326530612246,46.4405,195.0,1.163265306122449,55.8935,244.0,1.2448979591836735,61.5105,269.0,1.3265306122448979,528.0,3.0,80.93654000000001,0.0014398485,0.03883787395898253,71.846,261.0,1.4081632653061225,62.822,219.0,1.489795918367347,52.2355,205.0,1.5714285714285714,72.7325,250.0,1.6530612244897958,57.939,245.0,1.7346938775510203,76.9275,378.0,1.816326530612245,43.8685,164.0,1.8979591836734693,61.827,228.0,1.9795918367346939,53.44,202.0,2.061224489795918,64.8555,239.0,2.142857142857143,52.393,257.0,2.224489795918367,62.3335,281.0,2.3061224489795915,61.379,231.0,2.387755102040816,61.4,272.0,2.4693877551020407,53.871,204.0,2.5510204081632653,47.094,153.0,2.63265306122449,75.1655,283.0,2.7142857142857144,48.9325,256.0,2.7959183673469385,61.4525,193.0,2.877551020408163,88.743,401.0,2.9591836734693877,61.6965,256.0,3.0408163265306123,67.4,275.0,3.1224489795918364,87.2815,372.0,3.204081632653061,62.7035,292.0,3.2857142857142856,51.8225,254.0,3.36734693877551,75.7115,278.0,3.4489795918367343,102.378,462.0,3.530612244897959,89.6125,338.0,3.6122448979591835,54.8515,227.0,3.693877551020408,78.049,273.0,3.7755102040816326,69.8955,293.0,3.8571428571428568,57.3225,267.0,3.9387755102040813,51.297,178.0,4.020408163265306,122.548,505.0,4.1020408163265305,86.8455,301.0,4.183673469387754,65.119,284.0,4.26530612244898,72.801,331.0,4.346938775510203,67.3635,253.0,4.428571428571429,68.3575,220.0,4.5102040816326525,100.814,351.0,4.591836734693877,90.795,307.0,4.673469387755102,120.204,528.0,4.755102040816326,123.86,526.0,4.836734693877551,100.026,421.0,4.918367346938775,94.6585,430.0,5.0
scalability,N_50,4,whittle,2000,83461.69094897958,167170.79591836734,1001.5,2001.0,1.0,1001.5,2001.0,1.0816326530612246,1001.5,2001.0,1.163265306122449,1001.5,2001.0,1.2448979591836735,1001.5,2001.0,1.3265306122448979,2001.0,3.0,396.49826,0.02103504,0.07943703490309417,1001.5,2001.0,1.4081632653061225,1001.5,2001.0,1.489795918367347,1001.5,2001.0,1.5714285714285714,1001.5,2001.0,1.6530612244897958,1001.5,2001.0,1.7346938775510203,1001.5,2001.0,1.816326530612245,1001.5,2001.0,1.8979591836734693,1001.5,2001.0,1.9795918367346939,1001.5,2001.0,2.061224489795918,1001.5,2001.0,2.142857142857143,1001.5,2001.0,2.224489795918367,1001.5,2001.0,2.3061224489795915,1001.5,2001.0,2.387755102040816,1001.5,2001.0,2.4693877551020407,1001.5,2001.0,2.5510204081632653,1001.5,2001.0,2.63265306122449,1001.5,2001.0,2.7142857142857144,1001.5,2001.0,2.7959183673469385,1001.5,2001.0,2.877551020408163,1001.5,2001.0,2.9591836734693877,1001.5,2001.0,3.0408163265306123,1001.5,2001.0,3.1224489795918364,1001.5,2001.0,3.204081632653061,1001.5,2001.0,3.2857142857142856,1001.5,2001.0,3.36734693877551,1001.5,2001.0,3.4489795918367343,1001.5,2001.0,3.530612244897959,1001.5,2001.0,3.6122448979591835,1001.5,2001.0,3.693877551020408,438.829,1264.0,3.7755102040816326,175.715,522.0,3.8571428571428568,79.5485,337.0,3.9387755102040813,41.3815,166.0,4.020408163265306,26.211,124.0,4.1020408163265305,18.4845,87.0,4.183673469387754,15.2665,50.0,4.26530612244898,13.828,52.0,4.346938775510203,12.708,40.0,4.428571428571429,12.097,36.0,4.5102040816326525,11.508,40.0,4.591836734693877,10.9715,29.0,4.673469387755102,10.8365,27.0,4.755102040816326,10.604,26.0,4.836734693877551,10.598,28.0,4.918367346938775,10.3695,25.0,5.0
scalability,N_50,4,round_robin,2000,7751.360714285714,11194.38775510204,48.0,200.0,1.0,29.226,100.0,1.0816326530612246,30.453,100.0,1.163265306122449,31.681,150.0,1.2448979591836735,32.71,146.0,1.3265306122448979,550.0,3.0,57.355,0.0001569455,0.03652791096828878,31.64,100.0,1.4081632653061225,36.796,150.0,1.489795918367347,42.853,150.0,1.5714285714285714,32.836,150.0,1.6530612244897958,31.345,100.0,1.7346938775510203,37.105,150.0,1.816326530612245,34.041,150.0,1.8979591836734693,37.478,150.0,1.9795918367346939,42.441,150.0,2.061224489795918,31.505,100.0,2.142857142857143,39.87,150.0,2.224489795918367,42.761,200.0,2.3061224489795915,31.928,150.0,2.387755102040816,35.221,150.0,2.4693877551020407,43.515,150.0,2.5510204081632653,36.985,150.0,2.63265306122449,45.206,200.0,2.7142857142857144,37.703,150.0,2.7959183673469385,38.301,150.0,2.877551020408163,37.7,150.0,2.9591836734693877,42.7,150.0,3.0408163265306123,50.151,200.0,3.1224489795918364,31.453,100.0,3.204081632653061,39.506,150.0,3.2857142857142856,53.985,200.0,3.36734693877551,52.24,200.0,3.4489795918367343,50.221,250.0,3.530612244897959,35.678,100.0,3.6122448979591835,59.411,300.0,3.693877551020408,47.37,150.0,3.7755102040816326,85.255,300.0,3.8571428571428568,45.066,164.0,3.9387755102040813,48.428,150.0,4.020408163265306,70.016,250.0,4.1020408163265305,45.055,200.0,4.183673469387754,76.945,300.0,4.26530612244898,59.136,250.0,4.346938775510203,53.753,200.0,4.428571428571429,77.696,357.0,4.5102040816326525,55.39,200.0,4.591836734693877,65.91,205.0,4.673469387755102,48.131,150.0,4.755102040816326,58.178,200.0,4.836734693877551,115.451,550.0,4.918367346938775,66.75,200.0,5.0
scalability,N_50,4,periodic,2000,11615.693091836736,13810.551020408162,85.5,300.0,1.0,85.476,300.0,1.0816326530612246,119.203,300.0,1.163265306122449,85.431,300.0,1.2448979591836735,107.91,450.0,1.3265306122448979,450.0,3.0,74.91302,0.0001516405,0.03531992807984352,92.14,345.0,1.4081632653061225,97.146,300.0,1.489795918367347,84.587,300.0,1.5714285714285714,73.305,150.0,1.6530612244897958,73.594,150.0,1.7346938775510203,73.402,150.0,1.816326530612245,84.5745,299.0,1.8979591836734693,84.4755,299.0,1.9795918367346939,86.0395,299.0,2.061224489795918,84.4465,299.0,2.142857142857143,73.205,150.0,2.224489795918367,84.5915,299.0,2.3061224489795915,73.357,150.0,2.387755102040816,75.3905,180.0,2.4693877551020407,72.924,151.0,2.5510204081632653,83.8455,300.0,2.63265306122449,84.079,298.0,2.7142857142857144,83.9195,298.0,2.7959183673469385,84.1755,298.0,2.877551020408163,73.2145,152.0,2.9591836734693877,73.0615,150.0,3.0408163265306123,73.0155,150.0,3.1224489795918364,72.413,150.0,3.204081632653061,83.9805,299.0,3.2857142857142856,77.3395,212.0,3.36734693877551,83.45,298.0,3.4489795918367343,71.0925,150.0,3.530612244897959,71.5135,150.0,3.6122448979591835,71.2285,149.0,3.693877551020408,71.9555,151.0,3.7755102040816326,82.3615,297.0,3.8571428571428568,71.3315,150.0,3.9387755102040813,79.708,256.0,4.020408163265306,71.701,151.0,4.1020408163265305,70.854,149.0,4.183673469387754,82.685,298.0,4.26530612244898,71.311,150.0,4.346938775510203,71.492,151.0,4.428571428571429,70.641,152.0,4.5102040816326525,71.5475,151.0,4.591836734693877,71.3075,150.0,4.673469387755102,82.455,300.0,4.755102040816326,71.192,149.0,4.836734693877551,72.251,151.0,4.918367346938775,82.9375,296.0,5.0
scalability,N_50,4,greedy,2000,5771.535153061224,7558.3877551020405,108.4675,256.0,1.0,100.9605,217.0,1.0816326530612246,94.5865,213.0,1.163265306122449,88.1265,191.0,1.2448979591836735,85.0695,201.0,1.3265306122448979,256.0,3.0,29.73918,0.0034244615,0.04272245999891311,79.0955,193.0,1.4081632653061225,77.982,172.0,1.489795918367347,72.4115,167.0,1.5714285714285714,68.1285,157.0,1.6530612244897958,64.3855,149.0,1.7346938775510203,61.702,143.0,1.816326530612245,59.5975,129.0,1.8979591836734693,57.286,130.0,1.9795918367346939,56.6695,129.0,2.061224489795918,53.9465,125.0,2.142857142857143,51.8105,125.0,2.224489795918367,50.889,115.0,2.3061224489795915,48.4445,112.0,2.387755102040816,46.8835,112.0,2.4693877551020407,44.6235,106.0,2.5510204081632653,44.271,103.0,2.63265306122449,42.538,98.0,2.7142857142857144,41.7785,100.0,2.7959183673469385,39.561,93.0,2.877551020408163,39.3985,90.0,2.9591836734693877,38.0455,88.0,3.0408163265306123,36.9985,87.0,3.1224489795918364,36.494,84.0,3.204081632653061,35.3685,82.0,3.2857142857142856,34.2415,80.0,3.36734693877551,33.5635,79.0,3.4489795918367343,32.794,78.0,3.530612244897959,32.1685,74.0,3.6122448979591835,31.6725,84.0,3.693877551020408,31.035,74.0,3.7755102040816326,30.3335,74.0,3.8571428571428568,29.674,68.0,3.9387755102040813,28.857,65.0,4.020408163265306,28.3595,68.0,4.1020408163265305,27.9675,64.0,4.183673469387754,27.3445,67.0,4.26530612244898,27.4595,71.0,4.346938775510203,26.734,63.0,4.428571428571429,26.182,66.0,4.5102040816326525,25.6145,60.0,4.591836734693877,25.179,60.0,4.673469387755102,24.81,59.0,4.755102040816326,24.5005,56.0,4.836734693877551,24.1275,54.0,4.918367346938775,23.955,62.0,5.0
scalability,N_50,4,random,2000,11217.092214285714,17251.95918367347,57.8945,215.0,1.0,55.788,300.0,1.0816326530612246,42.559,183.0,1.163265306122449,60.731,231.0,1.2448979591836735,67.0045,283.0,1.3265306122448979,556.0,3.0,79.25032,0.0014237055,0.038682617945596576,56.2515,291.0,1.4081632653061225,39.9665,180.0,1.489795918367347,58.494,261.0,1.5714285714285714,60.573,278.0,1.6530612244897958,77.042,295.0,1.7346938775510203,63.27,297.0,1.816326530612245,39.9695,130.0,1.8979591836734693,52.7405,186.0,1.9795918367346939,65.2015,226.0,2.061224489795918,69.646,252.0,2.142857142857143,66.889,226.0,2.224489795918367,58.193,198.0,2.3061224489795915,83.853,279.0,2.387755102040816,58.2105,282.0,2.4693877551020407,80.073,290.0,2.5510204081632653,46.634,165.0,2.63265306122449,62.41,263.0,2.7142857142857144,72.2965,251.0,2.7959183673469385,58.146,212.0,2.877551020408163,65.53,296.0,2.9591836734693877,49.539,253.0,3.0408163265306123,82.1915,408.0,3.1224489795918364,57.2225,269.0,3.204081632653061,71.316,300.0,3.2857142857142856,60.0085,255.0,3.36734693877551,76.016,333.0,3.4489795918367343,72.731,280.0,3.530612244897959,83.7945,312.0,3.6122448979591835,81.1665,321.0,3.693877551020408,66.9665,238.0,3.7755102040816326,76.207,224.0,3.8571428571428568,55.846,224.0,3.9387755102040813,75.879,272.0,4.020408163265306,54.1365,239.0,4.1020408163265305,71.6595,271.0,4.183673469387754,69.983,203.0,4.26530612244898,101.844,336.0,4.346938775510203,85.382,438.0,4.428571428571429,70.3045,327.0,4.5102040816326525,55.9735,278.0,4.591836734693877,106.326,476.0,4.673469387755102,134.4455,556.0,4.755102040816326,149.4555,521.0,4.836734693877551,51.18,181.0,4.918367346938775,121.684,516.0,5.0
